ID,Label,Type,gender,occupation,locale,hActive
0dd814dc-5fb0-4f8b-9278-418dc4ffb34d,Antonio Carrega,artefices,male,,,1450–1475
a06eb3b8-a137-4509-a100-b57a18e1e38b,Argentina de Fravega,artefices,female,,,1396–1421
fc75ea34-1f1c-42dc-8f05-8f753d19466c,Bartolomeo de Monsia,artefices,male,seatarius,,1463–1488
08af9d46-341b-46e6-9095-d32aa1c297cd,Bartolomeo de Vulturo,artefices,male,remolarius,Voltri,1368–1393
d41cf4ae-4b4e-4f8f-b868-72bb8ea83ff7,Battista de Benisia,artefices,male,,,1402–1427
8700cf9a-aae7-4caa-9e9f-6977169620c9,Battista de Sancto Nazario,artefices,male,,,1415–1440
5c722ec5-cf22-4b3f-825c-54913d2bedd1,Blasio de Bargono,artefices,male,,Bargone,1451–1476
e39df212-c94f-4eb3-a49b-f84cf90613fa,Domenico Merello,artefices,male,,,1389–1414
03c24dcf-b280-49f2-82ed-6ff571648e80,Egidio Sacherio,artefices,male,notarius,,1435–1460
17a60b31-9f5e-4ca5-a7af-3c06da29e7f9,Fabiano de San Michele,artefices,male,,,1365–1390
2adb6b4f-1903-4c62-83b1-f9f6b0b9ac90,Francesco Foglietta,artefices,male,,,1395–1420
5704f613-6514-486d-a819-4d79d8503502,Giacomo de Andoria,artefices,male,mercante alemano,Andora,1431–1456
b8d9b566-88fe-4c57-98f2-4a5c6a0fb1c5,Giacomo de Mezano,artefices,male,,,1438–1463
a34d8ebc-43e4-4776-80a1-ed0751e89202,Giacomo de Sancto Salvatore,artefices,male,,,1400–1425
77567b3d-4385-46a4-8ac9-4076489d4941,Giovanni de Clavaro,artefices,male,notarius,Chiavari,1445–1470
7301f032-8267-4f0f-a5b8-bcdf24ba89d2,Giovanni de Davania,artefices,male,formagarius,Davagna,1426–1451
0f5910c5-cf59-4fa5-b8dc-102582312a66,Giovanni de Mulassana,artefices,male,calzolarius,Molassana,1412–1437
856a7ce4-989c-443d-85de-d2cdfb2fe326,Giovanni de Stachino,artefices,male,,Mongelia,1449–1474
4ee64a79-9ca8-46d2-a229-b47180505e6a,Giovanni Lanzapango,artefices,male,mersarius,,1394–1419
ea719b13-0868-4d4a-95df-0d05d49335e6,Girolamo de Camulio,artefices,male,episcopus,Camogli | Chios,1460–1485
5fc247e8-c8d8-4946-809a-8d1fbd638a86,Girolamo Navone,artefices,male,,,1472–1497
a8cf6c2b-e8e7-472f-8527-63c841b274e8,Lodisio de Rocheta,artefices,male,,,1430–1455
9d56d65c-af41-40af-84e3-06bc7d906192,Matteo de Davania,artefices,male,,Davagna,1424–1449
9f56c475-1bb8-494e-b49b-8a0f161b0068,Matteo Vivolo,artefices,male,,,1449–1474
1bb447bd-ccbd-4b89-8953-b5c6d35e840f,Niccolò Montanaro,artefices,male,tabernarius,,1428–1453
700ffeff-05ba-4a0b-8c88-47dd60db6dd5,Niccolò Pellegrino,artefices,male,sartor,,1424–1449
f9007449-e5cf-4394-911a-82138bba226c,Nicolosia de Loparaso,artefices,female,,Paraso,1432–1457
bb2ccee5-76dc-4082-b816-a0dc4a8764f3,Oberto de Sancta Agnete,artefices,male,bancalarius,,1414–1439
746e61b4-725d-454d-a135-e83377ee261d,Ottobono Balbi,artefices,male,draperius,,1398–1423
52d3bce7-99fb-42f5-bb49-16a330a36de1,Raffaele della Spezia,artefices,male,,La Spezia,1391–1416
884e44db-8357-4643-83f2-0e0a750def12,Silvestro de Corverio,artefices,male,,,1430–1455
743ccf86-4774-409c-8261-12abfa20d40e,Stefano Braccelli,artefices,male,notarius,,1470–1495
418f9573-ae3f-4957-9821-ab661606b16b,Terruccio de Terrucio,artefices,male,,,1429–1454
1b11f3f4-73f0-44a6-8807-8b740a627eaf,The heirs of Lorenzo Spotorno,artefices,male,cultelerius,,1404–1429
96ab25e9-7bf9-43bb-9a50-644cb5c20405,Tommaso de Bassignana,artefices,male,,,1431–1456
6e9bac41-0800-4a9e-a821-25ad18cafb39,Tommaso Merello,artefices,male,cultelerius,,1434–1459
879adf55-e916-4e8a-ae93-fed43938e282,Bartolomeo Bosco,artefices,male,legum doctor,,1407–1432
11e3fa9e-edf8-4f52-85e7-556ad22dbc0c,Bartolomeo de Insulahona,artefices,male,accimator,,1394–1419
403c8256-41be-4921-9448-f17401e75b82,Giovannina de Vigono,artefices,female,,Vigone,1362–1387
403c8256-41be-4921-9448-f17401e75b82,Giovannina de Vigono,artefices,female,,Vigone,1362–1387
7e72b768-777c-49c6-be4f-653bd80cfd3f,Pellegro de Camulio,artefices,male,draperius,Camogli,1378–1403
d2914020-7835-42c6-a8e8-2ae3ea3a65c5,Battista de Palodio,artefices,male,,,1462–1487
7aedd85d-16d2-4ada-8501-025df3cf21da,Antonio Dando,artefices,male,,,1472–1497
466be6d1-5f8f-4f30-a913-027035d0a243,Bartolomeo de Podio,artefices,male,,,1395–1420
5cad55eb-7012-447c-bdb1-c32d954be116,Benedetto de Leonardo,artefices,male,,,1430–1455
5a6d3477-700b-401d-9a1e-5c50bbbd0f91,Melchiorre de Gradi,artefices,male,,,1409–1434
1dda9cdd-8476-448e-9660-53c938fa537e,Ambrogio Zerbino,artefices,male,,,1466–1491
a99f4f74-df84-4dc8-bd7d-9ede89bb6b7c,Barnaba Toiavacha,artefices,male,,Busalla,1421–1446
2b7508bb-6e46-4981-8bab-7f1fa4d3f7e6,Battista Foglietta,artefices,male,notarius,,1405–1430
11490c44-7898-4db8-9c76-d0e033d56b94,Giacomo de Arquata,artefices,male,cordonerius,Arquata,1445–1470
cf08a85c-fb2c-4b30-85bb-b252afc5f69b,Giacomo de Palodio,artefices,male,notarius,,1397–1422
cd077546-9a32-451f-994a-db434c660c7f,Giacomo de Plebe,artefices,male,,,1473–1498
9a9bc8a3-f8c4-4268-8fbf-d0b25fee9b8d,Giovanni Andrea Murro,artefices,male,notarius,,1445–1470
91b17d5b-1caf-40e5-96ce-a70794586caa,Girolamo Calvi,artefices,male,draperius,,1434–1459
0f0a3204-b593-4770-aaac-30796602021b,Guglielmo Maida,artefices,male,textor pannorum septe,,1462–1487
ab62b1cd-9368-4da3-a1a0-5fa2d90edda3,Isolta de Franchis,artefices,female,,,1441–1466
83e7e516-70c7-4548-b859-9691cfae5fb7,Lazzaro de Villanova,artefices,male,,Villanova,1433–1458
f278065b-535f-4469-a71c-c83ec2acae40,Lodiso Paxerio,artefices,male,seatarius,,1433–1458
c88031a4-bd80-4c51-9c32-c5f569d00ac1,Luchina Bonicane,artefices,female,,,1410–1435
aa11d01a-df75-4872-8477-aaed96ff1fa7,Argentina Carrega,artefices,female,,,1437–1462
d7d2826b-bc2f-4810-acc9-0a792b36ea99,Martino de Coronato,artefices,male,,Coronata,1456–1481
6dff3b0e-4861-4a83-a2f9-4576a7fdd5ff,Antonietta Bobello,artefices,female,,Varazze,1448–1473
3da71d74-d13b-420f-b937-28702c4f4b3e,Antonio de Novis,artefices,male,doctor artium et medicine,Novi Ligure,1434–1459
2ce279f1-596b-4751-b9ff-521363a16a8a,Bartolomeo de Canicia,artefices,male,notarius,,1444–1469
bf7eba69-dc60-43ea-9eab-2bdb505689c7,Bartolomeo de Poneta,artefices,male,cordoanerius,,1419–1444
730bcc55-406f-4f5f-98a3-2beaa6c5d94b,Battista de Bargalio,artefices,male,calzolarius,Bargagli,1402–1427
375d2795-4452-4edb-baee-8b92515dc6af,Francesco de Padino,artefices,male,,,1467–1492
5c1f4a37-52a9-4718-a870-51364155c712,Francesco de Passagio,artefices,male,peliparius,,1472–1497
d28a15fd-2e71-4eb6-9c92-b763d997d6a0,Giacomo de Vigetis,artefices,male,seatarius,,1434–1459
9dd46429-dec5-42ce-84cf-8fee3758c98c,Giovanni Costa,artefices,male,,,1401–1426
87b2e157-1fbb-4e6f-872a-e998a3c308e0,Giovanni de Acurzo,artefices,male,,,1392–1417
7e5110cc-60a3-4acd-80b0-9434a7f4e710,Giovanni de Vallebella,artefices,male,lanerius,,1469–1494
9b2e57ea-ff98-4c6e-88e1-8d9b910bff2f,Girolamo de Monelia,artefices,male,,Moneglia,1469–1494
8cd6f32b-1d9a-4693-acec-086e301b4047,Gregorio Piccaluga,artefices,male,,,1464–1489
a8cf6c2b-e8e7-472f-8527-63c841b274e8,Lodisio de Rocheta,artefices,male,,,1434–1459
ea04479b-99c4-4e8f-b5bd-4d32e61c1912,Marco Verrina,artefices,male,seatarius,,1446–1471
c5582b1b-a0d2-4980-a608-df0d45c49812,Mariola de Albingana,artefices,female,,Albenga,1458–1483
10eb9fc5-4f21-4d7d-a234-47ab53036d2d,Mariola de Turrilia,artefices,female,,,1448–1473
5c055a95-9eef-493a-b8f3-b9394e3a6599,Pietro de Camera,artefices,male,calzolarius,,1431–1456
efe421a1-9a93-4805-9e9d-821ca098db1b,Pietro de Rettalio,artefices,male,seatarius,,1467–1492
3d18161a-6f2b-4e68-81a0-b88b551e691c,Tomasino de Uncio,artefices,male,,,1468–1493
2b413710-413f-41b2-8062-554376951fe3,Battista de Monsia,artefices,male,,,1435–1460
ff1c6988-a0f2-4ee6-8ed9-0e9e32826ed8,Melchiorre de Monleone,artefices,male,,,1448–1473
ff1c6988-a0f2-4ee6-8ed9-0e9e32826ed8,Melchiorre de Monleone,artefices,male,,,1448–1473
607c9ad3-d15a-4435-829f-54259984825c,Paolo Giusto,artefices,male,calzolarius,,1433–1458
3e547eca-96d8-49cd-852f-1dbb598c0d01,Bartolomeo de Zino,artefices,male,calzolarius,,1450–1475
597650c2-acc4-4fb0-a3b0-2853bb458b10,Giorgio de Rocha,artefices,male,bancalarius,,1396–1421
bd7319d3-17a5-459c-bfc5-e0089291562d,Angelo de Zerbi,artefices,male,seatarius,,1463–1488
ad0129b9-85c9-4acf-9289-1a545632ccf1,Raffaele Torre,artefices,male,,,1368–1393
000269c9-a1cb-499f-b07c-4c3144be2b21,Lodisio Delfino,artefices,male,accimator,,1402–1427
3fd7daa1-cd6a-4ccd-b055-42d13358e8c9,Bernardo de Capriata,artefices,male,seatarius,26343,1415–1440
766d26d4-d95f-488e-9572-bd88888451fd,Giacomo Solario,artefices,male,faber,,1451–1476
8e1eef53-0c94-4080-8c0f-d2dd3a76d691,Agostino Gropallo,artefices,male,,,1389–1414
339d8a70-f37a-450c-a9bb-259a67e46748,Giovanni de Sancto Salvatore,artefices,male,seatarius,,1435–1460
7e28e06d-56b0-4ad2-bc60-e32b244e4b80,Giovanni de Canali,artefices,male,,Canale,1365–1390
38f2dc9f-c50b-44c4-a353-8ee09640df26,Margarita de Castro,artefices,female,,,1395–1420
a90106f0-dacb-46b1-a19b-1c2eda788c46,Giacomo de Frassineto,artefices,male,peliparius,,1431–1456
16897aae-2337-4807-b93b-4637bcd73504,Giovanni de Ianoto,artefices,male,faber,,1438–1463
d82d2ee7-6d22-4c37-b14c-3c89e8d20d8f,Pietro de Pluma,artefices,male,formagerius,,1400–1425
0dd814dc-5fb0-4f8b-9278-418dc4ffb34d,Antonio Carrega,artefices,male,,,1445–1470
19f57992-a5fb-4d69-842e-72854fcb70cb,Pietro Grosso,artefices,male,notarius,,1426–1451
c292f3ba-d4ae-40f7-86b9-1445f221e064,Gabriele Rissotto,artefices,male,corrigiarius,,1412–1458
11ba24bb-a533-4622-b0bf-311cd10688b8,Ambrogio Carrega,artefices,male,,,1449–1474
e47d1c23-34fa-404d-ba01-3893f872cdcd,Antonio de Recco,artefices,male,,27623,1394–1419
f0346452-aa9c-442d-aef9-6d521b653432,Bernardo Alessio,artefices,male,peliparius,,1460–1485
dc0a0846-a06c-498a-b2d6-03da2881890e,Enrico Tonso,artefices,male,,,1472–1497
0f8e29e0-d1cc-4b1d-b577-350395ac33e9,Giacomo de Bonis,artefices,male,barberius,,1430–1455
64862f9a-4ebe-4e60-a92f-c75912014f89,Battista Costa,artefices,male,,,1424–1449
0807ec80-6fbe-4437-950c-3e8a6bd6ee27,Giraforte Costa,artefices,male,calzolarius,,1449–1474
032d0e36-dc39-420f-bdaf-16a8787385d1,Bartolomeo Costa,artefices,male,,,1428–1453
66bf0094-dc5c-47a2-a98d-4ce1877e57d7,Rolando Axilo,artefices,male,,Savona,1424–1449
1f260244-be4b-47f6-9ec8-3e6286ea0eb2,Battista Stella,artefices,male,notarius,,1432–1457
d0d48646-9d3c-4491-86da-89cdd5a23f14,Andrea de Petra,artefices,male,lanerius,Pietra Ligure,1414–1439
64148f9e-e902-422f-9a92-13e8398d5467,Francesco Caito,artefices,male,,,1398–1423
dff91ea7-d1eb-411f-800e-28c0dfeac16f,Egidio Merello,artefices,male,,,1391–1416
52ecb231-73f2-472e-a4c8-eac41fea3ad7,Girolamo Calvi,artefices,male,draperius,,1430–1455
111d6f1f-8903-4103-bea2-fa33c50571ca,Girolamo de Porta,artefices,male,,,1470–1495
08c56b50-54c1-469e-8487-baf919c61ecd,Antonio de Varcio,artefices,male,barberius,,1429–1454
ea9bd083-f9f8-40f2-b520-5987a6421913,Bertone de Lavania,artefices,male,cultelerius,Lavagna,1404–1429
4a0a4b48-7fd0-4563-a0cb-baaa93622bee,Giovanni de Fo,artefices,male,,,1431–1456
e4cbe353-2465-43d8-8cff-cbcce4611005,Alegrino Gatto,artefices,male,stagnarius,,1434–1459
daac3c1c-3578-4a55-823b-eeb5b6ec9922,Agostino de Pinu,artefices,male,,Pino (Corsica),1407–1432
b03a250c-b41f-4510-9c6a-f8f4f19a4be8,Bartolomeo de Petra,artefices,male,accimator,Pietra Ligure,1394–1419
3668ebb1-77c6-4e50-8fef-67bc0b9e9524,Domenico Ricci,artefices,male,ortolanus,,1362–1387
3668ebb1-77c6-4e50-8fef-67bc0b9e9524,Domenico Ricci,artefices,male,ortolanus,,1362–1387
b9503b72-761a-433f-8643-2c17d2c29df3,Agostino de Andoria,artefices,male,,Andora,1378–1403
d567337a-cf4f-467f-abb5-063f95f0a8e7,Giovanni Ricci,artefices,male,lanerius,,1371–1396
067eb075-a9a2-4fb4-862b-741800e25435,Tommaso de Roma,artefices,male,gramatice professor,Rome,1398–1423
b359596b-7830-410c-8c48-3bbc87fbb559,Bartolomeo Raggi,artefices,male,bancherius,,1424–1449
b7ac3587-ad0d-4ac1-923a-6855ac189aaf,Antonio de Vultabio,artefices,male,,Voltaggio,1471–1496
b65be120-8ef0-428c-b14d-ffa1d473bd4e,Gherardo de Brevei,artefices,male,notarius,,1427–1452
4401d6b7-b79b-48fc-8184-bd79d273b0e8,Giovanni de Demetrio,artefices,male,,,1401–1426
f7257240-5435-4736-9c4f-ea2667633dda,Giacomo de Camulio,artefices,male,notarius,,1382–1407
addacd55-76a1-4cb2-86d9-8c2a01a01f2a,Cristoforo Leardi,artefices,male,,,1474–1499
6a9cc6b7-ec62-4d8d-9a43-95e28b230b1a,Mariola Prezenda,artefices,female,,,1474–1499
3f05666c-e897-487f-9123-2c63b418b5ff,Marcheto de Pelegro,artefices,male,,,1429–1454
fb99a048-99ef-4444-b891-af704d25e719,Paolina Raggi,artefices,female,,,1431–1456
651335e1-7273-4777-bd48-e6f26aceaf9f,Giovanni Gregorio Stella,artefices,male,,,1429–1454
87338c99-7021-4d3b-9fe7-9ed5d638e944,Antonio de Sementia,artefices,male,faber,,1422–1447
e5980c4e-fbe6-4976-9548-dea4ff9d3f71,Andrea de Ferrari,artefices,male,,,1458–1483
d7a1d268-ee19-43b6-adbb-08df196b57b3,Agostino Boto,artefices,male,speciarius,,1435–1460
7973552e-7680-477a-8063-5284221438f8,Antonio de Ferrari,artefices,male,,Vigevano,1436–1461
8efc2416-4b9c-41d1-87cb-b056bf2da6d3,Nicolosia de Dernixio,artefices,female,,,1468–1493
067eb075-a9a2-4fb4-862b-741800e25435,Tommaso de Roma,artefices,male,gramatice professor,Rome,1402–1427
7c2714cb-aa6c-4045-86ab-3e84a67cf712,Girolamo de Iugo,artefices,male,lanerius,,1432–1457
fcbf9f95-dec6-4c82-89df-cf8e241958fa,Battista Leardi,artefices,male,,,1459–1484
730bcc55-406f-4f5f-98a3-2beaa6c5d94b,Battista de Bargalio,artefices,male,calzolarius,Bargagli,1402–1427
745c8c9f-6480-4ab3-a9cb-675c9877fd7d,Lodisio de Brevei,artefices,male,notarius,,1453–1478
0dd814dc-5fb0-4f8b-9278-418dc4ffb34d,Antonio Carrega,artefices,male,,,1447–1472
4f5b9614-4b28-41b0-a56b-a63d8c0630c4,Giovanni Agostino de Illuminatis,artefices,male,,,1473–1498
00e0b2f2-a35a-4252-b6e3-336e531e9a42,Benedetto de Via,artefices,male,seatarius,,1456–1481
5001f7bb-d469-4532-8d85-cc41185152b2,Giacomo de Domoculta,artefices,male,,,1466–1491
dc012c0b-7c9f-406b-93e5-ede63ba010e3,Bartolomeo de Ripalta,artefices,male,,,1433–1458
c9dd6f7e-078e-46df-969e-1e5efb4ecc09,Antonio Sesterio,artefices,male,calzolarius,,1474–1499
81f48433-23d8-400f-af76-6c8483a8b922,Oberto Foglietta,artefices,male,notarius,,1445–1470
0658e67d-25ca-4abc-9e0f-71bd1909baf7,Pietro de Garrono,artefices,male,cultelerius,,1395–1420
8ace06d4-ff2e-40b1-9704-9e5560112840,Antonio de Boianis,artefices,male,presbyter,,1424–1449
45dccfbf-0629-40e8-a5e4-a39445ef48da,Giorgio de Carmo,artefices,male,revenditor raubarum,,1422–1447
4f683852-69e7-43cd-95b0-d45d2dabd57b,Uberto de Magnasco,artefices,male,seatarius,30188,1467–1492
5a99961c-3658-42fd-85dd-935dca595741,Bartolomeo de Uvada,artefices,male,lanerius,27748,1396–1421
561d2014-191b-4825-baf1-f7d77d90516c,Davide Giordano,artefices,male,,,1500–1525
5b0f228c-cba2-4735-a7a6-ec2f6935efcd,Tommaso Naste,artefices,male,notarius,,1346–1371
0f8e29e0-d1cc-4b1d-b577-350395ac33e9,Giacomo de Bonis,artefices,male,barberius,,1430–1455
4063c1fd-cd7d-46ad-a4d5-256fd90ceb66,Giovanni de Novi,artefices,male,notarius,Novi Ligure,1461–1486
a3dd4b94-0d3a-4201-9d2c-d00c10658d4c,Girolamo de Canali,artefices,male,seatarius,Canale,1472–1497
62be59a4-ff56-4a20-ae0d-68f48c9c629b,Niccolò de Rossano,artefices,male,,,1360–1385
1ad400e8-efcd-4fc0-9c97-22bfe226b3cf,Antonio de Maddalena,artefices,male,cartarius,,1424–1449
85cab5ee-3a36-4a48-88e9-039055668830,Bernardo de Luca,artefices,male,,,1461–1486
2e4eae8b-04be-41be-aad5-fd237eae9fd9,Guglielmo Lenza,artefices,male,barberius,,1419–1444
5b64ef55-d61c-4f3c-a4a2-89dd87ef91cf,Battista Pasagio,artefices,male,seatarius,,1462–1487
2b3f36da-f2bf-41a5-87e5-0510683045d3,Raffaele de Marco,artefices,male,,,1435–1460
187c4176-0c50-42bc-8ed5-b974d2f9ae24,Giovanni de Alexandria,artefices,male,notarius,Alessandria,1391–1416
8f47b758-41c3-4891-84e5-97dc41595f95,Paolo de Puteobonelo,artefices,male,,Savona,1449–1474
40991a12-a6cd-47de-8c61-91681adc6565,Lorenzo Cacia,artefices,male,,Valle Stura di Demonte,1449–1474
c907d85e-3c09-48eb-99f1-a6ddb403b9d9,Paolo Salucio,artefices,male,seatarius,,1468–1493
8a92daf0-ab0e-41e7-961e-3e3af422fcd7,Gabriele de Pinu,artefices,male,calzolarius,Pinu,1468–1493
bbffa46c-0696-45f8-bf4d-81ba8010c3e4,Gaspare de Lanfranco,artefices,male,,,1401–1426
0807ec80-6fbe-4437-950c-3e8a6bd6ee27,Giraforte Costa,artefices,male,draperius,,1467–1492
f183f0eb-d34c-4de1-8fa0-3b2e51b7571f,The nuns of the monastery of San Sepolcro di Sampierdarena,ecclesiastical,female,,Sampierdarena,1371–1396
f183f0eb-d34c-4de1-8fa0-3b2e51b7571f,The nuns of the monastery of San Sepolcro di Sampierdarena,ecclesiastical,female,,Sampierdarena,1424–1449
f3cb1297-c6ed-4838-9730-058febbc6fdc,Alessandro Ravascherio,ecclesiastical,male,abbas,,1462–1487
d9d89e20-9e55-4a17-a836-068eeb3d470c,Bartolomeo de Valenza,foreign,male,imponerius,Valencia,1398–1423
9c8bb113-6489-4c80-918d-54d1975aa335,Cosmo Goffredis,foreign,male,,Nice,1424–1449
8518414d-6227-408c-a769-7f75e545dce8,Dexerino de Piacenza,foreign,male,,Piacenza,1471–1496
37537583-7997-4d00-b27d-cd93f89e847c,Matteo de Nigrono,foreign,male,mercator,Milan,1427–1452
618df26a-eb1b-404c-b075-e6f791683951,Francesco Borromeo,foreign,male,,San Miniato,1388–1413
177487cf-d30c-4494-adf2-d0a8ed5d5048,Francesco de Campenago,foreign,male,mercator,Milan,1429–1454
27f16d2b-7d9e-4504-a8d7-41e918681fa4,Bernardo Dala,foreign,male,legum doctor,Barcelona,1425–1450
deaf3d79-18b6-403a-96bf-6f6da096aa4d,Michele Boneto,foreign,male,,Catalonia,1461–1486
565f82a9-acdb-402a-b5e6-67c051ab4cb9,Niccolò Barbaro,foreign,male,,Venice,1440–1465
565f82a9-acdb-402a-b5e6-67c051ab4cb9,Niccolò Barbaro,foreign,male,,Venice,1440–1465
c095145a-7a37-4868-9268-1f4725fad412,Aloiso de Maffeis,foreign,male,,Verona,1390–1415
608be725-f25e-4f44-b504-a683983c6bce,Gabriele de Tolosa,foreign,male,,Barcelona,1460–1485
107ddcd8-515f-414f-b301-813784c6397f,"Violante, the wife of Giovanni de Valencia",foreign,female,,Valencia,1408–1433
a18f92fa-dedc-4f0f-a85c-cd07b899142d,Pietro Soler,foreign,male,,Barcelona,1472–1497
a1f2b761-38b6-495e-a977-5176e8016f2f,Lorenzo Griffo,foreign,male,,Pisa,1395–1420
55429e8d-a484-4839-90c2-b04b298bd987,Vincenzo de Rabiis,foreign,male,mercator,26138,1430–1455
0867dcb4-d4f6-4eab-adde-1b4bb780de1a,Colombino de Campis,foreign,male,,Bobbio,1409–1434
e23b896c-31ee-432b-9ca8-0f5d8cd2b86f,Beltrame Forbino,foreign,male,,Marseille,1388–1413
6e4f794c-e72b-4177-96e2-88f085a5de26,Lorenzo Raffono,foreign,male,,Venice,1429–1454
f73e5019-cdcf-470f-8363-48bc699720ac,Andrea Cepula,foreign,male,,27540,1410–1435
c24060a6-4ec7-463f-912f-add72f0e169a,Egidio Rois,foreign,male,mercator,Catalonia,1431–1456
52334f84-c803-4d03-9236-cf27bcd945f4,Lodisio Manuele,foreign,male,mercator,Catalonia,1425–1450
f26103d1-2dd6-452e-bc56-d23df85411ee,Anechino de Bruges,foreign,male,revenditor raubarum,27534,1451–1476
8d802696-ed8c-4b04-8f70-02c4be78089b,Francesco Panario,foreign,male,mercator,27688,1470–1495
9d08674e-340c-42d2-abc5-0ff4a9fed6a5,Giacomo Fontana,foreign,male,,,1461–1486
5022aeee-8eae-44d4-ab08-e09361beb301,Giacomo de Niela,foreign,male,,,1432–1457
364b448c-2ff7-43ee-9aa9-c91107c9d3b9,Ambrogio Palmario,mercantes,male,,,1401–1426
de59f508-1fcb-4fc8-8d4f-6b5faecd1c0e,Benedetto Fieschi,mercantes,male,comes,,1382–1407
12719762-c7bd-412e-9f6a-ceafccc5b8d9,Benigno de Cassina,mercantes,male,,Albisola,1474–1499
12719762-c7bd-412e-9f6a-ceafccc5b8d9,Benigno de Cassina,mercantes,male,,Albisola,1474–1499
a97764ac-bfee-4d85-a364-315b3463b086,Donato Bondinario,mercantes,male,,,1429–1454
37ea491f-b6d1-4599-9fb0-e5fed8d99e67,Francesco Maruffo,mercantes,male,,,1431–1456
2ec5733f-6496-43b4-a441-75066fcdf79b,Gabriele Marcone,mercantes,male,,,1429–1454
1b1ee2df-ba02-4d0c-929b-11cff9a08aa7,Girolamo de Rapallo,mercantes,male,,Rapallo,1422–1447
eddfbead-64f7-4b0a-8f13-16b1db558ab1,Giuliano Maruffo,mercantes,male,,,1458–1483
ba344404-20a0-45b0-bf7e-8f1ac48b51c7,Michele de Turrilia,mercantes,male,,Torriglia,1435–1460
ba344404-20a0-45b0-bf7e-8f1ac48b51c7,Michele de Turrilia,mercantes,male,,Torriglia,1435–1460
66192ec7-7aef-49dc-8e01-0f9be749c2c0,Pellegro Tarigo,mercantes,male,,,1468–1493
5d657f7b-e87a-4fd2-90e5-f67a105f0549,Pietro Facori,mercantes,male,,,1402–1427
3172070b-f66b-4ec9-a9c9-427592908864,Silvestro de Brignali,mercantes,male,notarius,Brignole,1432–1457
b429d0cd-37d6-47d5-8b50-2082c966c1e1,Tommaso de Franchi,mercantes,male,,,1459–1484
380c1388-b4b2-4439-8717-e1ce3aff86cb,Barnaba de Sancto Blaxio,mercantes,male,,San Biagio della Cima,1464–1489
66664636-421e-49b1-9c7d-ecce716040d8,Battista de Castiliono,mercantes,male,,Castiglione,1461–1486
9e11be09-3cb4-4de1-9f2c-41c989d6409a,Bianchetta de Franchi,mercantes,female,,,1454–1479
29c08f71-1619-4c87-a2d6-3655b3a5a32d,Cristoforo Guidice,mercantes,male,,,1449–1474
8b68b9bc-3a75-4cc9-8a02-2996f4d8ab0b,Giorgio de Franchi,mercantes,male,,,1394–1419
2c784802-9f4a-40df-ad0b-e6445bcaf812,Giovanni Delfino,mercantes,male,,,1448–1473
f4e75d04-cf77-47bc-b367-84e6c3fe12ad,Lorenzo Giustiniani,mercantes,male,,,1451–1476
72bfafd1-4cb3-4347-a566-fb20f3d27e6e,Luca de Fornari,mercantes,male,,,1422–1447
a15f964b-30ef-4ea7-95e3-5cb52297fde6,Mariola Fieschi,mercantes,female,,,1453–1478
1add6b2d-7820-4a17-ae0a-291e762520b9,Pietro Fieschi,mercantes,male,,,1447–1472
91305345-73ef-45a8-9b34-94d20bce7ccf,Raffaele Odone,mercantes,male,,,1466–1491
69fe8b23-2486-49b5-bc03-19e7e86a4ef7,Antonio de Franchi,mercantes,male,,,1444–1469
80fb92d4-974d-4b7d-a306-612ac8c69aa7,Andrea de Guizo,mercantes,male,,,1445–1470
c38b9f36-24ef-4168-90dc-7875cc11148d,Antonio de Strupa,mercantes,male,,Struppa,1392–1417
13bf321c-8717-43a5-9304-efbab4c80baa,Bartolomeo Campofregoso,mercantes,male,,,1398–1423
54af5b79-277d-43eb-9c20-855b14d00d92,Davide de Amico,mercantes,male,legum doctor,,1474–1499
544d4fbe-922d-422b-bfff-9e418a370380,Domenico Cassana,mercantes,male,draperius,,1379–1404
1b239458-bf25-4ffc-a2fb-26c64a2a06e2,Edoardo de Promontorio,mercantes,male,,,1427–1452
80f661e5-f4d8-4f23-8d3d-983f769160e6,Francesco de Franchi,mercantes,male,,,1471–1496
d9ce5c97-53a0-4666-9b2c-a60b6e7ee589,Francesco Gambone,mercantes,male,,,1457–1482
726fd06b-cdb4-418b-85e5-83bcfd8768f8,Francesco Giustiniani,mercantes,male,,,1459–1484
37ea491f-b6d1-4599-9fb0-e5fed8d99e67,Francesco Maruffo,mercantes,male,,,1444–1469
50ad4701-21d6-47d7-8ff0-3b4e7e445572,Giacomo Maruffo,mercantes,male,,,1431–1456
ce30fbda-a9ab-4066-b34b-81fc0c3ec3a2,Inoffio Sauli,mercantes,male,,,1438–1463
ed705a2a-4243-493f-bf86-ebc35d3d8675,Percivale Ardisone,mercantes,male,,,1397–1422
632f407d-6544-4317-bb3d-0e31d1509894,Pietro Bordino,mercantes,male,,,1463–1488
25292b7d-da74-4768-9d4a-c9ceb2d8b894,Teodolinda Fieschi,mercantes,female,,,1459–1484
edf59c72-1948-43b9-b253-ecaeb87654d8,Tobia de Lazario,mercantes,male,,,1437–1462
a364b535-a857-4eab-a748-0383a1322a55,Cristoforo de Fornari,mercantes,male,,,1423–1448
a4607d8e-5826-41b8-836b-db8dca9f761d,Giovanni Battista de Savinione,mercantes,male,,Savignone,1456–1481
a01783b4-9828-4c9d-bc64-7300a9416756,Alessandro de Franchi,mercantes,male,,,1460–1485
976df7ee-88fe-4325-bf6e-6d873cb02b71,Argentina Giustiniani,mercantes,female,,,1472–1497
b9f6b69b-2ae7-4780-b881-9ba66fbee4c4,Isabella Giustiniani,mercantes,female,,,1448–1473
95eca843-6f17-4776-8f42-0dfb9540f807,Bernardo Bullo,mercantes,male,,,1466–1491
0e8fbe63-ae93-4515-8793-45451d8cff51,Niccolò Musso,mercantes,male,,,1421–1446
8ed0b6c3-5f7f-4478-b919-9d83ff8fbeee,Girolamo de Savinione,mercantes,male,,27736,1405–1430
69fe8b23-2486-49b5-bc03-19e7e86a4ef7,Antonio de Franchi,mercantes,male,,,1445–1470
1b624f14-c196-41c8-9c7d-00f3ca173533,Ambrogio Giustiniani,mercantes,male,,,1397–1422
bd7095d4-e292-4bad-9727-e2efd8c2b80d,Bartolomeo de Franchi,mercantes,male,,,1473–1498
cd25da19-8d11-4f51-a568-28ee49b4c0b3,Gregorio Cassana,mercantes,male,,,1445–1470
b74edaf3-e557-4e81-a9af-72693aa45e0e,Paolo de Promontorio,mercantes,male,,,1434–1459
8004f56a-e46b-4112-bdf8-a718c9a68aee,Benedetto de Franchi,mercantes,male,,,1462–1487
0f63be0a-7c8b-484a-8779-c0a21b8f6b67,Marco Giustiniani,mercantes,male,,,1441–1466
97f15119-b1dd-409f-8356-69dec76f2a28,Paolo Basadonna,mercantes,male,legum doctor,,1433–1458
587c4eba-42ce-42e6-989a-27a52fc399ff,Blasio de Gradi,mercantes,male,,,1433–1458
5c3752d6-96b7-4749-b259-7621d7f86309,Girolamo de Sancto Blaxio,mercantes,male,,,1410–1435
134b91ec-097b-4d4e-a714-28bc89c88465,Niccolò de Varixio,mercantes,male,,Varese Ligure,1437–1462
994b4a0e-c625-48c9-bd59-bea3233ae7a5,Bartolomeo Palarmio,mercantes,male,,,1456–1481
033388cf-5b91-44ff-ae48-a23c580c715c,Francesco Giustiniani,mercantes,male,,,1425–1450
3fcab74e-208c-4e12-a466-31d6652876fa,Antonio de Marco,mercantes,male,,,1461–1486
54532ae8-1344-4a51-9290-8799ab86a3f5,Francesco de Gradi,mercantes,male,,,1440–1465
23eedaf6-59b9-484e-93ff-1420681a7e7d,Pellegro de Gradi,mercantes,male,,,1440–1465
73a4ceda-d4be-4ac8-90fe-805bb088be3f,Niccolò Cassana,mercantes,male,,,1464–1489
ff5c2149-0121-46df-bf7c-7da26e4bad18,Luca Adorno,mercantes,male,,,1461–1486
3360bebe-01c2-4329-95f7-8549bb44a468,Giacomo Anterio,mercantes,male,revenditor raubarum,,1454–1479
985bc15c-3b56-446e-b754-a402af99141e,Bartolomea Marchione,mercantes,female,,,1449–1474
a2d975ae-4a55-4e7b-8ae3-80d73677756d,Battista de Leone,mercantes,male,,,1394–1419
2f96c6e6-162e-48f3-bdc0-f7f11a326f9d,Bartolomeo de Riccobono,mercantes,male,,,1448–1473
54809dd5-27d2-4ef2-a075-7187036f51aa,Gregorio de Beningassio,mercantes,male,,,1451–1476
8d410a01-9998-4883-931f-bc61a520f007,Giovanni Giustiniani,mercantes,male,,,1422–1447
56af5f8a-b433-4c47-9399-e19cde28a752,Paride Fieschi,mercantes,male,,,1453–1478
40624921-776f-4011-a3cc-b462027c2bbe,Galeazzo de Levanto,mercantes,male,,Levanto,1447–1472
1d3c236b-1ed4-474b-93b5-4acd48d6e263,Paulo Sauli,mercantes,male,,,1466–1491
7e399386-8278-430f-be18-584acf36e081,Genesio de Guizo,mercantes,male,,,1444–1469
93192182-0d73-4848-a2fc-cb2fac47e72e,Anasaldo Giustiniani,mercantes,male,,,1444–1469
eb413216-06c8-40e6-b385-63e3d994a6d1,Tommaso Frugone,mercantes,male,,,1451–1476
44e4528e-6370-4961-a4d3-b59da14f500a,Girolamo Fieschi,mercantes,male,,,1390–1415
69fe8b23-2486-49b5-bc03-19e7e86a4ef7,Antonio de Franchi,mercantes,male,,,1424–1449
0d7fec0f-fc5a-4af4-88a1-2e41c658f909,Battista Sofia,mercantes,male,,,1460–1485
2c784802-9f4a-40df-ad0b-e6445bcaf812,Giovanni Delfino,mercantes,male,,,1447–1472
551c8a77-7587-4ee2-8856-e9cea353ef25,Niccolò de Fornari,mercantes,male,,,1427–1452
2e053ad9-fb7d-4c65-aba4-1b6632934be4,Raimondo Aimari,mercantes,male,,,1422–1447
692833e8-3168-4468-944b-50673e388f54,Paulo Sauli,mercantes,male,,,1466–1491
d95f9f24-a954-4925-82ff-f5adeaf41db9,Cosmo Tarigo,mercantes,male,,,1376–1401
4d6b2806-6a1a-4e37-8c46-2fb41bc0d18e,Lodisio de Castiliono,mercantes,male,,Castiglione,1438–1463
54532ae8-1344-4a51-9290-8799ab86a3f5,Francesco de Gradi,mercantes,male,,,1461–1486
1a100bc3-4ce5-4f53-bde0-2d595abcd021,Girolamo Palmario,mercantes,male,,,1452–1477
d8a5977a-c328-4e41-b86e-14765fb3522c,Andrea Valletaro,mercantes,male,coperterius,,1474–1499
e2f3300b-e82c-4b8c-b501-355ef9eef198,Teodoro de Fornari,mercantes,male,,,1467–1492
6269ce4d-7a40-46a9-b4f4-8b9f56f69004,Bartolomeo Cattaneo,nobiles,male,,,1402–1427
0324f1fc-8f33-4986-bf7f-25c6ac3d22ab,Bartolomeo Ittaliano,nobiles,male,,,1453–1478
1062ca11-24b7-4a7d-92ac-15c9ed8701de,Battista Cattaneo,nobiles,male,,,1447–1472
518c3e43-d212-433a-b726-9ac84850ab44,Benedetto Pinelli,nobiles,male,,,1473–1498
791446ce-f6e8-4420-a16f-ba16909e7099,Brigida Spinola,nobiles,female,,,1456–1481
a1956a64-9323-47a6-afc4-2763cb4a9e47,Costantino Doria,nobiles,male,,,1466–1491
d6d5d3d0-1846-4251-9a26-9acb6a497135,Federico Centurione,nobiles,male,,,1433–1458
40badc6f-03ae-4e9c-b68d-85786ed45cac,Filippo Gentile,nobiles,male,,,1474–1499
d2a98cd9-c78c-4168-a23b-7fb8ba48da7a,Franchetta Doria,nobiles,female,,,1445–1470
da248f32-af75-4bff-ade0-d11062e0ceda,Giacomo Celesia,nobiles,male,,,1395–1420
3fa2c950-84d4-4c6c-a63c-23d6661c0ab5,Giacomo de Passano,nobiles,male,,Passano,1424–1449
c215ec8f-d008-4450-a800-74a61fecc946,Giannetta Salvago,nobiles,female,,,1422–1447
d64852dd-80a1-4c47-9124-06cb9ab2fdfb,Giovanni Spinola,nobiles,male,,,1467–1492
d7f038f2-5c30-4297-bd2c-8aa2461aff19,Guglielmo Assereto,nobiles,male,revenditor raubarum et iocalium,,1396–1421
9d5b53e7-1ea9-4020-8fbb-c3c5e8d70896,Illario de Croce,nobiles,male,,,1500–1525
9957a452-9a4f-4d7e-bcdf-d1b42e819a6f,Isabella di Negro,nobiles,female,,,1346–1371
e27fb698-44a1-4f73-a289-890a1c181b67,Luciano de Marini,nobiles,male,,,1430–1455
c40c1faf-28ac-461d-9c7e-63b670896e46,Niccolò Piccamiglio,nobiles,male,,,1461–1486
271ffab6-aa40-465c-8e23-93203f11a771,Ottobono Lomellini,nobiles,male,,,1472–1497
074f1184-a575-4f77-829a-8caf1221e369,Paolo Cattaneo,nobiles,male,,,1360–1385
6a79a0cc-9b9c-402f-be69-8c2f8c4958fe,Paolo Grillo,nobiles,male,seatarius,,1424–1449
984c0528-6e5c-4598-b299-30f82fa19953,Pellegro Salvago,nobiles,male,,,1461–1486
7189af92-6bfa-44a9-9205-f8f3afbcc5b2,Simone Calvi,nobiles,male,,,1419–1444
d86e560c-77a8-4a7b-b351-f150fff1a1b8,Simone Lercari,nobiles,male,,,1462–1487
703e631c-e784-4412-a641-ef16e98e4118,Soldano Cattaneo,nobiles,male,,,1435–1460
c3d24813-1cb3-44dc-90d5-5bb8604e422f,Stregino Salvago,nobiles,male,,,1391–1416
461360ec-6acf-489a-8742-1eb00b7c7082,Teramo Centurione,nobiles,male,,,1449–1474
608dc056-787f-4b3a-96d6-46fb9a8a586f,Tommaso Grimaldi,nobiles,male,,,1449–1474
d024f95d-b908-430b-b43e-03a51293b449,Benedetto de Passano,nobiles,male,,,1468–1493
db911df9-35d1-41aa-a160-d44fd49046ca,Francesco Grimaldi,nobiles,male,,,1468–1493
c7cd65b7-a085-4381-90aa-c891e0baf2d9,Luchino Spinola,nobiles,male,,,1401–1426
d7ea03c8-ca4e-4580-941a-7cb3759f33e9,Accellino Gentile,nobiles,male,,,1410–1435
ac2bb7b2-4aa0-4ece-882a-63f7a23b908c,Antonio Usodimare,nobiles,male,,,1431–1456
68d4c6a5-3ec6-49bb-af6e-85323a11e054,Bartolomeo de Passano,nobiles,male,,Passano,1425–1450
b8588401-03d7-4fef-a8ff-f366526d69b9,Battista Spinola,nobiles,male,,,1451–1476
b09a9e0e-172d-4a20-af4e-6e65b5a688b9,Galeotto Salvago,nobiles,male,,,1470–1495
d91c40ee-6ea7-403f-99e2-a607adf1277c,Manfredo di Negro,nobiles,male,,,1461–1486
6bbd3533-6e65-4639-9f17-026ec59c1ef0,Simone Lecavello,nobiles,male,,,1432–1457
1dd1b471-a727-4193-8707-781db70bc891,Battista Cibo,nobiles,male,,,1444–1469
5e321f68-3742-46b9-8544-fcb7b8711d73,Brancaleone Doria,nobiles,male,,,1451–1476
810303a7-b2d9-45d4-88e1-aa02cc95e2ad,Domenico Lercari,nobiles,male,,,1390–1415
2b4bd1ee-b428-43cc-baa3-448b9adbd252,Emanuele Usodimare,nobiles,male,,,1424–1449
c714c9a1-df96-4e74-999c-391eb2340754,Giacomo Spinola,nobiles,male,,,1460–1485
49d7c903-44c6-497d-bc7a-e736e3541a0b,Giorgio de Marini,nobiles,male,,,1447–1472
52a42b0f-085a-4d54-a740-0de3ef2c94f5,Illario Grillo,nobiles,male,,,1427–1452
141493f3-0597-4e0a-8f22-887664bb6ec6,Maria Spinola,nobiles,female,,,1422–1447
e292fb45-e227-4912-8be0-44e470345a06,Niccolò Gentile,nobiles,male,,,1466–1491
6a742f59-518b-4d12-b457-587361f1a33c,Perrino Gentile,nobiles,male,,,1376–1401
bc7ea6a7-6f1e-43b5-83df-da9391668dbe,Taddeo de Marini,nobiles,male,,,1438–1463
461360ec-6acf-489a-8742-1eb00b7c7082,Teramo Centurione,nobiles,male,,,1461–1486
4007078c-c7a3-4969-bb88-d7f01e9c50f7,Brunoro Spinola,nobiles,male,,,1452–1477
fd1c5c76-b031-4221-857a-2b55ea5a20e5,Niccolò Spinola,nobiles,male,,,1474–1499
f62f6776-803b-42ad-bf0c-73725bf9ddd9,Accellino Spinola,nobiles,male,,,1433–1458
966a44a3-2e79-4b85-9bff-02593c01aaa2,Accellino Vivaldi,nobiles,male,,,1445–1470
5b3e3fd8-677c-4c21-8654-6f181c90c81e,Andrea Vivaldi,nobiles,male,,,1410–1435
5d812e14-d817-4f57-bad9-81e3b2b4bd45,Anfreone Usodimare,nobiles,male,,,1465–1490
36cb009e-13b4-4e54-92ba-f8553d27517d,Bartolomeo Centurione,nobiles,male,,,1458–1483
1dd1b471-a727-4193-8707-781db70bc891,Battista Cibo,nobiles,male,,,1447–1472
89e39e7d-c1e0-467c-80a4-9110d5fe5f77,Benedetto di Negro,nobiles,male,,,1430–1455
0868a535-57c0-4b94-839f-f8618ba3062d,Cipriano Lomellini,nobiles,male,,,1466–1491
0868a535-57c0-4b94-839f-f8618ba3062d,Cipriano Lomellini,nobiles,male,,,1470–1495
a0e08d2b-fded-45d4-a5e5-e879ba508119,Cosmo Centurione,nobiles,male,,,1451–1476
5d736955-178b-4d8a-98f6-f87ba0e13e4c,Cosmo Spinola,nobiles,male,,,1445–1470
747c3d58-0552-4ec7-8d25-6e83a3c07393,Cristoforo Spinola,nobiles,male,,,1461–1486
776609a2-7d03-42f4-8944-0466add79aa1,Edoardo Grillo,nobiles,male,,,1452–1477
88cc53c6-a412-4883-bd84-4c36fc276868,Francesco Spinola,nobiles,male,,,1412–1437
174e4744-5715-4379-abcb-ecbffe9e22e5,Galeotto di Negro,nobiles,male,,,1453–1478
cc2f13b8-cf3b-463b-94d8-319b7f2ceae5,Gaspare de Marini,nobiles,male,,,1461–1486
161476c3-65aa-41fc-a7bc-0e5b29f94759,Giovanni Usodimare,nobiles,male,,,1443–1468
799e728f-8cc4-42a9-be37-cfd18822e2be,Gregorio Castagnola,nobiles,male,,,1467–1492
b974c49a-fadd-4158-a68c-13742cf0981b,Ilario Squarciafìco,nobiles,male,,,1454–1479
0edf1c74-07f1-4582-84e3-e44cff1286d8,Leonardo Cibo,nobiles,male,,,1463–1488
81d0aadd-1230-43a4-8310-d1259af436ea,Luchina Spinola,nobiles,female,,,1474–1499
3ca3146d-d66d-48f2-950c-6ff2c0e8929e,Maria de Mari,nobiles,female,,,1432–1457
a6b48a89-d1f5-4405-8436-900442bed7bc,Maria de Passano,nobiles,female,,Passano,1451–1476
5f4606e3-08d1-4d36-b986-80354f641e1f,Marietta Scotto,nobiles,female,,,1412–1437
5358dc47-4baf-4dad-b4e6-e956ba212cc0,Mariola Grimaldi,nobiles,female,,,1460–1485
3724d3d8-fc84-4391-9ceb-200ba4392d72,Martino Assereto,nobiles,male,,,1472–1497
a5cb9d8d-3d0c-4465-98bb-d85eb99d4bc9,Martino Calvi,nobiles,male,,,1474–1499
a5cb9d8d-3d0c-4465-98bb-d85eb99d4bc9,Martino Calvi,nobiles,male,,,1474–1499
916cfadf-d86b-4016-a31c-6a6c5599a717,Megallo Lercari,nobiles,male,,,1400–1425
a501a55a-e7f5-468e-ac1e-fd3d98ae37aa,Ottaviano Imperiale,nobiles,male,,,1456–1481
a501a55a-e7f5-468e-ac1e-fd3d98ae37aa,Ottaviano Imperiale,nobiles,male,,,1454–1479
a501a55a-e7f5-468e-ac1e-fd3d98ae37aa,Ottaviano Imperiale,nobiles,male,,,1456–1481
45506402-455e-437a-a20c-ad8e5602ac76,Ottobono Imperiale,nobiles,male,,,1404–1429
232b7f6f-0a09-475f-8444-4261c2c8581e,Raffaele Doria,nobiles,male,,,1460–1485
fde11a68-0315-4b88-b4e5-cc7941db332b,Raffaele Salvago,nobiles,male,,,1472–1497
d86e560c-77a8-4a7b-b351-f150fff1a1b8,Simone Lercari,nobiles,male,,,1460–1485
a238519b-9621-46d8-8a20-4def3839a5d9,Violante Grimaldi,nobiles,female,,,1451–1476
d005dd16-ecb2-4bb8-912e-b75e42693bab,Giacomo Spinola,nobiles,male,,,1396–1421
350d53ab-2030-4dc4-ac2e-31e1752cb3f9,Oberto Ittaliano,nobiles,male,,,1450–1475
cfccd4e6-04fd-4f2e-a023-bb33ece5e91d,Paolo Doria,nobiles,male,,,1442–1467
6e3269c4-cd4d-4993-8d2d-54b5076fa5a3,Antonio de Carretto,nobiles,male,,,1428–1453
3df8ccaf-b7e3-4def-ad89-3ae5958672a6,Dario Calvi,nobiles,male,,,1394–1423
984c0528-6e5c-4598-b299-30f82fa19953,Pellegro Salvago,nobiles,male,,,1469–1494
98a2e967-4ade-4833-a222-440dd8f88248,Salvago Grimaldi,nobiles,male,,,1420–1445
8963bdc4-f19a-482e-a019-9b6f2274c283,Selvagia Doria,nobiles,female,,,1443–1468
52ecb231-73f2-472e-a4c8-eac41fea3ad7,Girolamo Calvi,nobiles,male,,,1448–1473
a092ec26-f108-4b3c-90ba-5dc9c81d0b71,Soldano Cattaneo,nobiles,male,,,1434–1459
2441dfe4-e953-47f7-8e83-4ae508eefb62,Leonardo Garibaldi,nobiles,male,,,1444–1469
a08caf7b-b313-474f-9c6d-e9705d955d8e,Cristoforo Panigarola,nobiles,male,,,1419–1444
148cb6e7-b93c-47b6-82ab-665f5c1ad61d,Francesco Salvago,nobiles,male,,,1402–1427
dd3950b6-3cf3-4eb6-b5a6-7b8c9b218eb0,Giovanni Doria,nobiles,male,,,1467–1492
81d0aadd-1230-43a4-8310-d1259af436ea,Luchina Spinola,nobiles,female,,,1472–1497
e5d9e907-2265-456a-8a16-688ccb1cf254,Tobia Pinelli,nobiles,male,,,1434–1459
d53f59ec-fd68-4b33-b718-78f7cc154d54,Luciano Grimaldi,nobiles,male,,,1401–1426
75fed7fa-882b-40f0-99d7-7fcd033610c2,Raffaele Embriaco,nobiles,male,,,1392–1417
66a835c6-4349-4ebd-816e-2deca320f13f,Bartolomeo Doria,nobiles,male,,,1469–1494
b52a12f8-55a4-4bed-9b4d-4de92d6fef31,Matteo Lomellini,nobiles,male,,,1469–1494
0024454f-b501-4e50-92c0-12fe3140210a,Bianca Cibo,nobiles,female,,,1464–1489
9265f961-3634-4250-94c5-4f245c901ec6,Girolamo Doria,nobiles,male,,,1434–1459
5d736955-178b-4d8a-98f6-f87ba0e13e4c,Cosmo Spinola,nobiles,male,,,1445–1470
7157deb4-a5e2-49e6-a99a-cf50f0394a89,Giuliano Grimaldi,nobiles,male,,,1458–1483
0b3f4f07-d60a-469b-be74-77e3d268d18a,Despina Centurione,nobiles,female,,,1448–1473
410b7e48-3a50-411e-ac21-237729cd438f,Giovanni Francesco Spinola,nobiles,male,,,1431–1456
799e728f-8cc4-42a9-be37-cfd18822e2be,Gregorio Castagnola,nobiles,male,,,1467–1492
1f886a05-405c-49e5-b660-dfa54b28f82f,Stefano Cicala,nobiles,male,,,1468–1493
31ad82bc-488b-49f2-b3ca-3e8a7d3a7adb,Bartolomeo Doria,nobiles,male,,,1424–1449
76a75a58-e173-41eb-ae2d-192daa7ed45d,Sebastiano di Negro,nobiles,male,,,1390–1415
27091866-6d3e-4ba1-9f69-f3d4a1c9a3a5,Cristoforo Centurione,nobiles,male,,,1460–1485
dcf06b59-d19c-4fef-9e20-bb13900853d2,Tommaso Spinola,nobiles,male,,,1445–1470
151f70d2-b45e-415d-8622-061dfb0fd75d,Antonio Ittaliano,nobiles,male,,,1392–1417
c286f210-da7a-4535-933e-a878e4c01624,Antonio Calvi,nobiles,male,,,1398–1423
4f4bcc82-7e4d-4633-9ff1-2ee0e14174b7,Niccolò Usodimare,nobiles,male,,,1474–1499
eb7ab4e6-366c-45e3-92de-d45f2ea9900a,Cesarina Doria,nobiles,female,,,1379–1404
5bdead7e-d782-433f-a335-35d4c165aac4,Cristoforo Doria,nobiles,male,,,1427–1452
dd3950b6-3cf3-4eb6-b5a6-7b8c9b218eb0,Giovanni Doria,nobiles,male,,,1471–1496
f10edddd-52cd-4582-93df-cae58ad2cb4d,Girolamo Lomellini,nobiles,male,,,1457–1482
b2e75662-01be-4c64-9b89-076c64cabef6,Sabrina Spinola,nobiles,female,,,1459–1484
f6b37c45-f7bb-4434-b895-40614623856d,Giovanni Battista Grimaldi,nobiles,male,,,1444–1469
0bb8a59b-f034-4877-a815-fd3cb58df7a7,Battista Centurione,nobiles,male,,,1431–1456
964c1c35-12ea-45c8-abe4-9fcea0d9b98e,Giovanni Antonio Spinola,nobiles,male,,,1438–1463
d7f038f2-5c30-4297-bd2c-8aa2461aff19,Guglielmo Assereto,nobiles,male,,,1397–1422
2b07582d-cc01-440d-8ae0-b8297d09cf53,Giorgio Grimaldi,nobiles,male,,,1463–1488
3884ebdf-4446-40af-8371-572cd319f1aa,Lorenzo di Negro,nobiles,male,,,1459–1484
66b119ef-ad62-45c9-bb6e-d0d455d5f283,Costantino de Marini,nobiles,male,,,1437–1462
b974c49a-fadd-4158-a68c-13742cf0981b,Ilario Squarciafìco,nobiles,male,,,1423–1448
9c95d4df-c06c-496a-9008-63745cd5184a,Filippo Spinola,nobiles,male,,,1456–1481
461360ec-6acf-489a-8742-1eb00b7c7082,Teramo Centurione,nobiles,male,,,1460–1485
b8588401-03d7-4fef-a8ff-f366526d69b9,Battista Spinola,nobiles,male,,,1472–1497
84af6b0c-5a45-4716-a214-da3ef21f1150,Valerano Cattaneo,nobiles,male,,,1433–1458
454729f6-4731-42c0-8d08-cc5c5db1c03d,Maria Doria,nobiles,female,,,–1470
cb66175e-1b9d-461f-8746-58319948f296,Cosmo Salvago,nobiles,male,,,1410–1435
1f886a05-405c-49e5-b660-dfa54b28f82f,Stefano Cicala,nobiles,male,,,1465–1490
6521e9a5-39c7-40f9-a8a2-5e26b5382f06,Isabella Spinola,nobiles,female,,,1458–1483
47c8126c-0bac-4845-b5eb-ec5821033fa0,Leonardo di Negro,nobiles,male,,,1447–1472
c37406f0-3d69-4267-8d8d-2d5569c62c38,Antonio Doria,nobiles,male,,,1430–1455
20aeec9a-c20a-48ad-8f2e-dea3f05b8315,Ginevrina Spinola,nobiles,female,,,1466–1491
20aeec9a-c20a-48ad-8f2e-dea3f05b8315,Ginevrina Spinola,nobiles,female,,,1470–1495
54e42dfd-e6d4-49f4-a028-f3a0d48e0f1d,Francesco Centurione,nobiles,male,,,1451–1476
425a8de0-f47e-4aa6-988e-7e72ff329346,Aleramo Gentile,nobiles,male,,,1445–1470
776609a2-7d03-42f4-8944-0466add79aa1,Odoardo Grillo,nobiles,male,,,1461–1486
ff2abd20-e078-4c31-a1f8-0397425214cc,Giovanni Centurione,nobiles,male,,,1452–1477
c184a2e8-0a99-4a4f-8563-ae21b80760d7,Luchina Castagna,nobiles,female,monaca,,1412–1437
c907d85e-3c09-48eb-99f1-a6ddb403b9d9,Paolo Lercari,nobiles,male,,,1453–1478
7da17286-19da-43fe-ad80-89b7ea8419e9,Paolo Gentile,nobiles,male,doctor arte et medicine,,1461–1486
230b5898-a6a3-4ce5-ac3c-720af06ea1ed,Meliaduce Cicala,nobiles,male,,,1443–1468
1c748490-4940-4c74-ab59-1a3117e5370f,Daniele Spinola,nobiles,male,,,1467–1492
b5955120-afa0-4a35-bb0d-5b4209cee7c6,Tommaso Gentile,nobiles,male,,,1454–1479
0406ef33-7557-4d70-b016-f3a7ceb7b2c0,Niccolò Panigarola,nobiles,male,,,1463–1488
b6ea7df9-6570-4d6b-9a3a-8668beb4f270,Teodorina Spinola,nobiles,female,,,1474–1499
d6d5d3d0-1846-4251-9a26-9acb6a497135,Federico Centurione,nobiles,male,,,1432–1457
c16e128d-5f01-4803-235869b2f-b9ed306aec85,Stefano Gentile,nobiles,male,,,1451–1476
b2d25157-0077-41a7-b560-5edb4c14cbd1,Giovanni Spinola,nobiles,male,,,1412–1437
eced5e63-400d-4c14-b71f-e4bd8f360120,Francesco Doria,nobiles,male,,,1460–1485
512954c4-80df-4099-9da1-2c20f18a4c9c,Stefano Spinola,nobiles,male,,,1472–1497
d0891c7c-a075-43ee-9ecc-38bc575d0b6e,Niccolò Calvi,nobiles,male,,,1474–1499
0275f7ed-1bd6-43db-9b87-7b45a03dad29,Simonetto Calvi,nobiles,male,,,1474–1499
4fc5299c-1d27-46a8-990e-3161584fe75d,Matteo Scipione,nobiles,male,,,1400–1425
185a49e4-5a0c-48b9-a32b-d68e9d6a2a18,Battista Piccamiglio,nobiles,male,,,1456–1481
185a49e4-5a0c-48b9-a32b-d68e9d6a2a18,Battista Piccamiglio,nobiles,male,,,1454–1479
1b9cead7-8543-4316-804f-449902d8355d,Giovanni Piccamiglio,nobiles,male,,,1456–1481
bb24471a-d025-43ac-bab5-3c1adab50c49,Niccolò Ittaliano,nobiles,male,,,1404–1429
c40c1faf-28ac-461d-9c7e-63b670896e46,Niccolò Piccamiglio,nobiles,male,,,1460–1485
512954c4-80df-4099-9da1-2c20f18a4c9c,Stefano Spinola,nobiles,male,,,1472–1497
b09a9e0e-172d-4a20-af4e-6e65b5a688b9,Galeotto Salvago,nobiles,male,,,1460–1485
538753ba-ad6d-451b-a054-b9cf5eae49c7,Carlo Centurione,nobiles,male,,,1451–1476
c92e76d1-ee0d-4a89-bc6d-8e76e9c32853,Antonio Cattaneo,nobiles,male,,,1396–1421
42e7fa36-df9d-4624-b0a6-14e46edc59ab,Niccolò Spinola,nobiles,male,,,1450–1475
a41df612-32f0-489e-84a9-c83c7a9e18a0,Lorenzo Cattaneo,nobiles,male,,,1442–1467
17a287d5-57f2-4464-be58-bdea9f68e6de,Andreola Spinola,nobiles,female,,,1444–1469
889bc9bf-233e-42bc-8468-8d06f6386be8,Francesco Lomellini,nobiles,male,,,1428–1453
9f6d1400-876e-4719-95a7-af2c940296d0,Francesco Lomellini,nobiles,male,,,1462–1487
da10efc3-79ca-4fd5-bb97-7be132732443,Paolo Lomellini,nobiles,male,,,1459–1484
96bdb25e-f3ad-4637-b634-de7565a6f959,Girolamo Vento,nobiles,male,,,1443–1468
3864a0ff-4d47-41e1-9bf1-d6d968ff04ea,Tommaso Doria,nobiles,male,,,1454–1479
81030c89-2a15-4a9f-b36b-2c00764c6c66,Francesco Cibo,nobiles,male,,,1408–1433
0fc9c6a4-9ead-4e55-b52a-93895d65d864,Battista Palamide,,male,,,1467–1492
2304a8b3-f000-4c03-abf6-ccd27b5cdd49,Bernardo Aucreto,,male,,,1467–1492
840bcd80-9565-45f0-b679-4d728c0aae5e,Agostino Lazania,,male,,Arquario,1444–1469
b4ca8574-5eb3-49f0-ba03-687439047c63,an unnamed lessor,,,,,1428–1453
0e0e159a-a5d5-4136-8dc8-62be6ab8cd97,Antonio de Natino,,male,,,1462–1487
ba78ee7f-33dc-4d8b-a38b-b3563c7dac11,Battistina Crescia,,female,,,1459–1484
46c6c901-0b9d-489e-8054-3a69e5c107db,Giovanni de Natino,,male,,,1443–1468
571c219f-3426-4d86-907e-6eab4966bc3e,Niccolò Marcone,,male,,,1454–1479
f157a452-532b-4569-824e-245aaf35928e,Pietro,,male,,,1408–1433
21035cde-987f-4b37-80d7-6f7bf679109e,an unnamed lessor,,,,,1444–1469
286ee3cc-ebc8-46f0-bb9f-afe1dc905d07,Giorgio,,male,,,1429–1454
e9cf3c30-afc2-40ed-b79e-b138ec6f16c2,Oberto,,male,,,1407–1432
4a40e867-4e65-447b-8475-a74a0d6ecfe8,Battista Carena,,male,,,1435–1460
de0bef20-4eaf-441e-9920-ec8a3ba425aa,Bartolomeo Orabonis,,male,,,1448–1473
64fe6078-5187-4350-9d52-359f72052fb3,Pietro Orabonis,,male,,,1448–1473
baac5cf0-0604-4e34-a275-17a581e941ad,Filippo Ihauroye,,male,,,1433–1458
e7afa7da-8ab6-4b1b-8c90-6f41d331de3b,Giovanni Boecio,,male,,,1408–1433
0fb97b1c-b8c4-4a80-b6ad-8ec3ee7c73f8,Giuliano,,male,,,1448–1473
9c9571c6-e719-419d-afb8-0f237624c6ea,Bartolomeo de Liguoris,,male,,,1428–1453
02a31175-55e8-4996-9e2e-162f04f4a678,Domenico de Serranano,,male,,,1469–1494
a4c27bf8-2cc3-40a5-8821-1bfd6c4f9183,Leonardo Cassandra,,male,,,1420–1445
787bd756-b892-4f22-afe7-744a1f58e2c7,Rainaldo Lorentelli,,male,,,1443–1468
4eef4884-5bfc-49fa-b294-a2128704f69b,an unnamed leasee,,,,,1444–1469
0347f6cc-de39-40a1-9cdd-88e934edb40b,Raffaele,,male,,,1429–1454
7c99f697-9ecb-4bfb-95de-533b5266198c,Isabella,,female,,,1407–1432