Purchaser(s),Class,GenderofBuyer,Albreghi,Underwriter(s),Slave,Gender,Ethnicity,Age,Coverage,Date,Reference,Key,Pregnancy,Duration,Extra,,,,,,,,,,,
Abrayno de Lucho,Noble,Male,Doria,Antonio de Cassina ,Lucia,Female,Circassian,20,100 lire,1457-09-22,"Tommaso Duracino, filza 3, series I, nr. 267",AFJIZXUB,7,4,2,,,,,,,,,,,7
Abraza de Lecho,Noble,Male,Doria,Quilico Cattaneo ,Lucia,Female,,23,190 lire,1460,"Tommaso Duracino, filza 5, nr. 623 (formerly nr. 618)",UV9TR6HZ,7,4,2,,,,,,,,,,,7
Agostino de Cazerio,Popolare,Male,,Giovanni de Marini and Leone de Nigro ,Lucia,Female,Circassian,22,200 lire,1464,"Tommaso Duracino, filza 7, series II, nr. 51",5UNNPNBM,3,8,2,,,,,,,,,,,6
Ambrogio and Gregorio de Curlis,Popolare,Male,,Onorato da Pavia ,Lucia,Female,Russian,31,150 lire,1465,"Tommaso Duracino, filza 8, nr. 62",JS8XPBRR,8,3,2,,,,,,,,,,,5
Ambrogio Lomellini,Noble,Male,Lomellini,Cattaneo Grimaldi ,Margherita,Female,Russian,22,200 lire,1461,"Tommaso Duracino, filza 6, series I, nr. 202",HKZR3FIW,7,4,2,,,,,,,,,,,4
Ambrogio Lomellini q. Goffredo,Noble,Male,Lomellini,Giovanni de Nigro q. Damiano ,Marta,Female,Circassian,22,150 lire,1456-08-12,"Tommaso Duracino, filza 2, series II, nr. 206",MCTVMPRK,9,2,2,,,,,,,,,,,8.5
"Andrea Argiroso ""habitatoris calvari""",Artisan,Male,,Antonio Maciola and Girolamo Axilo,Caterina,Female,,26,170 lire,1462,"Tommaso Duracino, filza 6, series II, nr. 131",UWB5UZR4,8,3,2,,,,,,,,,,,7
Andrea de Albario,Popolare,Male,,Giovanni de Marini ,Caterina,Female,Bosnian/Serbian,28,200 lire,1479,"Tommaso Duracino, filza 22, nr. 585 (formerly nr. 383)",PB3MEJRX,9,3,3,,,,,,,,,,,7
Andrea Erene,Popolare,Male,,Baldassare Lomellini q. Stefano ,Lucia,Female,,26,150 lire,1456-09-03,"Tommaso Duracino, filza 2, series II, nr. 224",8JH2PCNQ,3,8,2,,,,,,,,,,,7
Andrea Gentile,Noble,Male,Gentile,Lodisio de Nigrono and Baldassare Lomellini ,Cita,Female,Abkhazian,35,150 lire,1453-09-10,"Tommaso Duracino, filza 1, series I, nr. 124",ZKVKFWMR,8,3,2,,,,,,,,,,,4
Andrea Gentile,Noble,Male,Gentile,Imperiale Grillo,Marta,Female,Tartaran,32,150 lire,1456-03-22,"Tommaso Duracino, filza 2, series II, nr. 68",8DZ5BEZG,,,,,,,,,,,,,,3.5
Andrea Promontorio,Popolare,Male,,Cattaneo Grimaldi q. Giano ,Maria,Female,Russian,33,150 lire,1454-02-18,"Tommaso Duracino, filza 1, series II, nr. 38",V4V4JPZM,3,8,2,,,,,,,,,,,9
Andrea Spinola,Noble,Male,Spinola,Baldassare Lomellini ,Caterina,Female,Circassian,40,150 lire,1466,"Tommaso Duracino, filza 9, nr. 372",IMBJXVFP,7,4,2,,,,,,,,,,,9
Andrea Spinola,Noble,Male,Spinola,Bartolomeo Sauli ,Caterina,Female,Circassian,25,200 lire,1467,"Tommaso Duracino, filza 10, nr. 50",FP8HFVGZ,9,2,2,,,,,,,,,,,9
Andriolo Marcheto,Mercanti,Male,,Pelegro Sucha,,Female,,,150 lire,1441,"Branca Bagnara, filza 6, series II, nr. 19",M3D6RTAU,7,4,2,,,,,,,,,,,9
Angelo Marchexio,Mercanti,Male,,Paolo Spinola ,Maria,Female,,22,100 florins,1456-08-30,"Tommaso Duracino, filza 2, series II, nr. 218",WXSPTRTG,6,5,2,,,,,,,,,,,9
Antonio and Nicola Barbagelata,Noble,Male,Fieschi,"Antonio de Tacio, a blacksmith",Mara,Female,Circassian,34,150 lire,1466,"Tommaso Duracino, filza 9, nr. 177",JZVSTRUI,7,4,2,,,,,,,,,,,9
Antonio da Pineto,Popolare,Male,,Antoniotto Ittaliano ,,,,,200 lire,1427-05-26,"Branca Bagnara, filza 1, series I, item dated 1427-05-26",DQNX9FGT,,,,,,Pregnanacy Mean,Duration Mean,n,Extra ,,,,,8
"Antonio de Tacio, a blacksmith",Artisan,Male,,Gaspare Spinola ,Margherita,Female,,25,180 lire,1460,"Tommaso Duracino, filza 5, nr. 50 (formerly nr. 365)",2X4AB2NA,7,4,2,,,6.338856636,4.330648271,166,#VALUE!,,,,,8
Antonio de Vulturo,Foreign,Male,,Pietro Spinola ,Marta,Female,,26,150 lire,1457-09-01,"Tommaso Duracino, filza 3, series I, nr. 244",7NZMD5KI,7,4,2,,,6.34,4.2,166,2.02,,,,,8
Antonio Dentuto,Noble,Male,Pinelli,Baldassare Lomellini ,Margherita,Female,Circassian,19,200 lire,1462,"Tommaso Duracino, filza 6, series II, nr. 49",BMIGGQIN,6,5,2,,,,,,,,,,,8
Antonio Maciola,Popolare,Male,,Baldassare Lomellini ,Agnese,Female,Moorish,24,250 lire,1489,"Tommaso Duracino, filza 27, series I, nr. 10",ECKTSH6X,,,,,,,,,,,,,,8
Antonio Mazineta,Popolare,Male,,Giovanni de Marini ,Caterina,Female,Russian,25,200 lire,1468,"Tommaso Duracino, filza 11, nr. 648",DAT792GV,8,3,2,,,,,,,,,,,8
Antonio Ratti,Popolare,Male,,Cattaneo Grimaldi ,Marta,Female,,18,200 lire,1456-12-15,"Tommaso Duracino, filza 2, series II, nr. 326",ZIGSUXM5,4,7,2,,,,,,,,,,,8
Antonio Tivenga,Artisan,Male,,Giovanni de Nigro ,Antonio Tivenga,Female,,26,170 lire,1456,"Tommaso Duracino, filza 2, series II, nr. (389)",GP3PCZCC,,,,,,,,,,,,,,8
Argenta Garbarino,Popolare,Female,,Gaspare Spinola ,Margherita,Female,Tartaran,30,150 lire,1458-11-21,"Tommaso Duracino, filza 3, series II, nr. 236",FWR5FKW9,8,3,2,,,,,,,,,,,8
"Argentina Salvago, abbess of the monastery of San Sepolcro in Sampierdarena",Religious,Female,,Merualdo Grimaldi,Caterina,Female,Russian,30,170 lire,1459,"Tommaso Duracino, filza 4, nr. 274",5RFWSD6Q,4,7,2,,,,,,,,,,,8
"Argentina, wife of q. Tommaso Ittaliano",Noble,Female,Interiano,Baldassare Lomellini,Maddalena,Female,Circassian,20,200 lire,1468,"Tommaso Duracino, filza 11, nr. 356",AVC9XTXT,7,4,2,,,,,,,,,,,8
Barnaba Boneto,Popolare,Male,,Barnaba Boneto insures his slave Mingrela ,Mingrela,Female,Mingrelian,,100 lire,1410,"Giuliano Canella, register 2, volume I, 1408–1410, fol. 212v",RHNKPRJW,,,,,,,,,,,,,,8
Barnaba Fieschi,Noble,Male,Fieschi,Baldassare Lomellini ,Lucia,Female,Circassian,29,200 lire,1468,"Tommaso Duracino, filza 11, nr. 223",DXRVH38E,8,3,2,,,,,,,,,,,8
Bartolomea uxor Federico Boccanegra,Popolare,Female,,Baldassare Lomellini q. Stefano ,Anna,Female,Russian,29,180 lire,1455-11-05,"Tommaso Duracino, filza 2, series I, nr. 352",B5A6CEWP,7,4,2,,,,,,,,,,,8
"Bartolomeo da Parma, a cobbler",Artisan,Male,,Basilio Axinela ,Melica,Female,Circassian,28,,1453-02-06,"Tommaso Duracino, filza 1, series I, nr. 17",H45GUNMQL4,6,5,2,,,,,,,,,,,8
Bartolomeo Giustiniani,Popolare,Male,,Pelegro Sucha,,Female,,,160 lire,1440,"Branca Bagnara, filza 6, series I, nr. 37",BC9FZ4A2,8,UNREADABLE,#VALUE!,,,,,,,,,,,8
Bartolomeo Salvago,Noble,Male,Salvago,Giovanni Vivaldi ,Melica,Female,Tartaran,35,150 lire,1462,"Tommaso Duracino, filza 6, series II, nr. 195",X6TV4HRR,8,3,2,,,,,,,,,,,8
Bartolommeo Lomellini and Giovanni Grimaldi,Noble,Male,Grimaldi,Antonio Ittaliano ,,,,,,1429-01-05,"Branca Bagnara, filza 1, series II, item dated 1429-01-05",RZZGHFBE,,,,,,,,,,,,,,8
Bastiano di Sancto Donato,Artisan,Male,,Pelegro Sucha,,Female,,,150 lire,1440,"Branca Bagnara, filza 6, series I, nr. 258",TNHBH75C,7,3,1,,,,,,,,,,,8
Battista Basadonna,Popolare,Male,,Paolo Spinola and Gregorio Giudice ,Caterina,Female,Bosnian,21,200 lire,1459,"Tommaso Duracino, filza 4, nr. 374",JEQAVJTW,,,,,,,,,,,,,,8
Battista Costa,Artisan,Male,,Baldassare Lomellini ,Lucia,Female,,20,225 lire,1463,"Tommaso Duracino, filza 7, series I, nr. 167",75D2V4FE,6,5,2,,,,,,,,,,,8
Battista Crosa,Noble,Male,di Negro,Pelegro Sucha,,Female,,,100 lire,1441,"Branca Bagnara, filza 6, series II, nr. 126",7IZE5S4M,5,5,1,,,,,,,,,,,8
Battista de Franchis,Noble,Male,de Franchi,Damiano Giustiniani q. Tommaso ,Margherita,Female,Russian,26,150 lire,1458-04-10,"Tommaso Duracino, filza 3, series II, nr. 144",8JDXXZ6C,4,7,2,,,,,,,,,,,8
Battista de Marini,Noble,Male,de Marini,Baldassare Lomellini ,Lucia,Female,"""Dovagie""",26,225 lire,1467,"Tommaso Duracino, filza 10, nr. 477",FU93M2NJ,4,7,2,,,,,,,,,,,8
Battista de Sancto Ulcixio (corralieri),Artisan,Male,,Baldassare Lomellini,Lucia,Female,,18,125 lire,1457-06-21,"Tommaso Duracino, filza 3, series I, nr. 188",KUSHDM7P,7,3.5,1.5,,,,,,,,,,,8
Battista Garrone,Popolare,Male,,Giovanni de Marini,Margherita,Female,Mingrelian,20,250 lire,1474-05-18,"Tommaso Duracino, filza 17, nr. 352",2Q2BQUVD,4,7,2,,,,,,,,,,,8
Battista Garrone,Popolare,Male,,Baldassare Lomellini ,Margherita,Female,Circassian,27,270 lire,1473,"Tommaso Duracino, filza 16, nr. 712",J2IMQGPF,8,8,7,,,,,,,,,,,8
Battistina Giordano,Artisan,Male,,Lodisio Grimaldi,Lucia,Female,Russian,32,150 lire,1453-04-09,"Tommaso Duracino, filza 1, series I, nr. 40",745NGGF9,8,3,2,,,,,,,,,,,8
Benedetta Fieschi,Noble,Female,Fieschi,Pelegro Sucha,,Female,,,150 lire,1441,"Branca Bagnara, filza 6, series II, nr. 249",2DG4TWAW,7,4,2,,,,,,,,,,,8
Benedetto de Nigro,Noble,Male,di Negro,Battista Grimaldi ,Anna,Female,Russian,18,,1456-02-11,"Tommaso Duracino, filza 2, series II, item dated 1456-02-11",ERBMVS48,,,,,,,,,,,,,,8
Benedetto de Turri,Popolare,Male,,Quilico Cattaneo ,Caterina,Female,,26,200 lire,1460,"Tommaso Duracino, filza 5, nr. 174 (formerly nr. 397)",WCRDEEWD,6,5,2,,,,,,,,,,,8
Benedetto di Corsio,Popolare,Male,,Cattaneo Grimaldi,,,,,150 lire,1453-09-10,"Tommaso Duracino, filza 1, series I, nr. 120",99ZUC9UX,8,3,2,,,,,,,,,,,8
Benedetto Pinello,Noble,Male,Pinelli,Giovanni de Nigro q. Damiano ,Marta,Female,Tartaran,30,100 lire,1455-02-12,"Tommaso Duracino, filza 2, series I, nr. 64",B5HZRKRT,8,3,2,,,,,,,,,,,8
"Bernabove ""delle colonne Scotto""",Noble,Male,Cattaneo,Antoniotto Ittaliano,,,,,300 lire,1429-01-10,"Branca Bagnara, filza 1, series II, item dated 1429-01-10",XCNFZJNK,,,,,,,,,,,,,,8
"Bernardo and Matteo Ricci, from Florence",Foreign,Male,,Antoniotto Ittaliano ,,,,,600 lire,1430-03-02,"Branca Bagnara, filza 1, series II, item dated 1430-03-02",CADV8TH5,,,,,,,,,,,,,,8
Bernardo Buzalino,Popolare,Male,,Baldassare Lomellini ,Margherita,Female,Circassian,36,150 lire,1464,"Tommaso Duracino, filza 7, series II, nr. 209",FBBD7BD9,8,3,2,,,,,,,,,,,8
Bernardo Revello,Popolare,Male,,Baldassare Lomellini ,Caterina,Female,,25,170 lire,1457-05-13,"Tommaso Duracino, filza 3, series I, nr. 145",F5XI4Z6V,7,4,2,,,,,,,,,,,8
"Bianca Gentile (Blancheta), uxor Antoniotto Usodimare",Noble,Female,Usodimare,Giovanni de Nigro q. Damiano ,Maria,Female,,33,170 lire,1457-03-15,"Tommaso Duracino, filza 3, series I, nr. 89",4MSRQCWE,8,3,2,,,,,,,,,,,8
"Bianca, wife of Morvello Adorno q. Cosmo (and daughter of Luca de Fornari)",Mercanti,Female,,Gaspare Spinola q. Battista ,Maddalena,Female,,28,150 lire,1457-03-05,"Tommaso Duracino, filza 3, series I, nr. 80",CNF4JX82,7,4,2,,,,,,,,,,,7
Bianchina Spinola,Noble,Female,Spinola,Baldassare Lomellini ,Maddalena,Female,Circassian,20,200 lire,1464,"Tommaso Duracino, filza 7, series II, nr. 320",GAHBXHSA,8,3,2,,,,,,,,,,,7
Brancaleone Maruffo,Popolare,Male,,Pelegro Sucha,,Female,,,160 lire,1441,"Branca Bagnara, filza 6, series II, nr. 227",4TXR4Z6G,5,6,2,,,,,,,,,,,7
Brigida Cibo,Mercanti,Female,Cibo,Baldassare Lomellini ,Caterina,Female,Circassian,29,150 lire,1465,"Tommaso Duracino, filza 8, nr. 602",CH3SE3Q5,7,4.5,2.5,,,,,,,,,,,7
Caracosa Marocello,Popolare,Female,,Gaspare Spinola ,Marta,Female,Russian,33,150 lire,1459,"Tommaso Duracino, filza 4, nr. 360",KAVDKAF7,9,3,3,,,,,,,,,,,7
Caracossa Canicia,Foreign,Male,,Pelegro Sucha,,Female,,,150 lire,1441,"Branca Bagnara, filza 6, series II, nr. 288",6BZBU5NH,,,,,,,,,,,,,,7
Carrado Gentile,Noble,Male,Gentile,Quilico Cattaneo ,Maddalena,Female,Russian,26,200 lire,1460,"Tommaso Duracino, filza 5, nr. 390 (formerly nr. 169)",QVUW2DPP,8,3,2,,,,,,,,,,,7
Catarinetta Riccobono,Artisan,Female,,Baldassare Lomellini ,Maria,Female,Abkhazan,25,250 lire,1479,"Tommaso Duracino, filza 22, formerly nr. 96",AR3ADEUI,,,,,,,,,,,,,,7
Caterina de Mari,Noble,Female,de Mari,Pelegro Sucha,,Female,,,150 lire,1440,"Branca Bagnara, filza 6, series I, nr. 266",JFPXJ5SQ,4,6,1,,,,,,,,,,,7
Caterina de Nigro,Noble,Female,di Negro,Tommaso Sofia ,Anna,Female,Circassian,25,150 lire,1461,"Tommaso Duracino, filza 6, series I, nr. 357",JJ4ADA4D,7,4,2,,,,,,,,,,,7
Caterina Maruffo,Popolare,Female,,Baldassare Lomellini,Anna,Female,Circassian,30,,1470,"Tommaso Duracino, filza 13, series I, nr. 412",KBP8BGQA,4,7,2,,,,,,,,,,,7
Caternia Fracca,Popolare,Female,,Antoniotto Ittaliano ,,Female,,,120 lire,1429-05-14,"Branca Bagnara, filza 1, series II, item dated 1429-05-14",CICUDBG9,,,,,,,,,,,,,,7
Caternia Fracca,Popolare,Female,,Antoniotto Ittaliano ,,Female,,,120 lire,1429-07-12,"Branca Bagnara, filza 1, series II, item dated 1429-07-12",86BUP2AK,,,,,,,,,,,,,,7
Cattaneo Grillo,Noble,Male,Grillo,Pelegro Sucha,,Female,,,150 lire,1441,"Branca Bagnara, filza 6, series II, nr. 130",GXNPAGT4,4,7,2,,,,,,,,,,,7
Cosma Lomellini,Noble,Male,Lomellini,,Agnese,Female,,25,160 lire,1456,"Tommaso Duracino, filza 2, series II, nr. (348)",4NCB6K4U,,,,,,,,,,,,,,7
Cosmo Diana,Popolare,Male,,Baldassare Lomellini ,Elena,Female,Russian,20,200 lire,1462,"Tommaso Duracino, filza 6, series II, nr. 187",SJ8FQMSP,,,,,,,,,,,,,,7
Cristoforo Burnengo,Popolare,Male,,Baldassare Lomellini ,Maria,Female,Russian,21,225 lire,1470,"Tommaso Duracino, filza 13, series I, nr. 142",FATW632H,6,5,2,,,,,,,,,,,7
Damiano de Franchis,Noble,Male,de Franchi,the Canary Islands.,Cazina,Female,Canary Islands,26,175 lire,1466,"Tommaso Duracino, filza 9, nr. 72",V9KTFRQR,5,6,2,,,,,,,,,,,7
Damiano Spinacio,Popolare,Male,,Battista Spinola ,Caterina,Female,Greek,25,200 lire,1474,"Tommaso Duracino, filza 17, nr. 554",6AJ624WT,6,5,2,,,,,,,,,,,7
Daniele Bordino,Popolare,Male,,Pelegro Sucha,,Female,,,150 lire,1440,"Branca Bagnara, filza 6, series I, nr. 202",BZXMDIZS,8,3,2,,,,,,,,,,,7
Demetrio Cattaneo and Marcellino Grillo,Noble,Male,Grillo,Demetrio Cattaneo and Marcellino Grillo,,,,,100 florins,1419-10-09,"Giuliano Canella, register 6, 1418–1421, fol. 104v",2EKCEN4S,,,,,,,,,,,,,,7
Demetrio Cattaneo q. Paolo,Noble,Male,Cattaneo,Giovanni de Levanto ,Margherita,Female,Tartaran,24,150 lire,1458-03-11,"Tommaso Duracino, filza 3, series II, nr. 79",ZDBBVA4A,8,3,2,,,,,,,,,,,7
"Diego Sancho de Basulto, from Bilbao",Foreign,Male,,,,,,,,1460-04-04,"Tommaso Duracino, filza 5, nr. 449 (formerly nr. 237)",JKUXAHN3,,,,,,,,,,,,,,7
Domenico and Andrea de Nigro,Noble,Male,di Negro,Baldassare Lomellini,Caterina,Female,Circassian,26,200 lire,1464,"Tommaso Duracino, filza 7, series II, nr. 111",WSG37JIH,8,4,3,,,,,,,,,,,7
Domenico Prezenda,Artisan,Male,,Cattaneo Grimaldi ,Maria,Female,Circassian,27,250 lire,1461,"Tommaso Duracino, filza 6, series I, nr. 206",VDJ9REMU,7,4,2,,,,,,,,,,,7
Emanuele Usodimare,Noble,Male,Usodimare,Antoniotto Ittaliano,,,,,1800 lire,1427-08-22,"Branca Bagnara, filza 1, series I, item dated 1427-08-22",X4MTS7BR,,,,,,,,,,,,,,7
Enrico Squarciafico,Noble,Male,Cicala,Cattaneo Grimaldi q. Giano ,Agnese,Female,Tartaran,32,150 «paga»,1456-03-10,"Tommaso Duracino, filza 2, series II, nr. 62",C7CFBC8M,7,4,2,,,,,,,,,,,7
Enrico Squarciafico,Noble,Male,Cicala,Giovanni de Nigro q. Damiano ,Agnese,Female,,32,150 lire,1457-04-05,"Tommaso Duracino, filza 3, series I, nr. 108",NC6NUZWI,8,3,2,,,,,,,,,,,7
Enrico Squarciafico,Noble,Male,Cicala,Cattaneo Grimaldi q. Giano ,Agnese,Female,,26,150 lire,1458-10-21,"Tommaso Duracino, filza 3, series II, nr. 218",9NFNXWKJ,8,3,2,,,,,,,,,,,7
Federico Centurione,Noble,Male,Centurione,Marco de Cassina ,Caterina,Female,Circassian,30,200 lire,1461,"Tommaso Duracino, filza 6, series I, nr. 229",AHGT8QPM,,,,,,,,,,,,,,7
Filippo Camilla,Noble,Male,Lercari,Baldassare Lomellini ,Maddalena,Female,Circassian,19,270 lire,1473-12-16,"Tommaso Duracino, filza 16, nr. 914 (formerly nr. 924)",PMRM4NH5,8,3,2,,,,,,,,,,,7
Filippo Grimaldi,Noble,Male,Grimaldi,Antoniotto Ittaliano ,,Female,,,120 lire,1428-11-03,"Branca Bagnara, filza 1, series I, item dated 1428-11-03",8BVQTK56,,,,,,,,,,,,,,7
Franca Lomellini q. Marchisio,Noble,Female,Lomellini,Cattaneo Grimaldi ,Margherita,Female,Circassian,25,150 lire,1453-07-26,"Tommaso Duracino, filza 1, series I, nr. 100",45EKR5I8,6,5,2,,,,,,,,,,,7
Francesco Ardimento,Popolare,Male,,Francesco and Lodisio de Nigrono ,Cristiana,Female,Tartaran,35,150 lire,1453-07-28,"Tommaso Duracino, filza 1, series I, nr. 103",E59DII47,6,5,2,,,,,,,,,,,7
Francesco Ardimento,Popolare,Male,,Imperiale Grillo q. Ambrogio,Marta,Female,Tartaran,25,,1454-08-14,"Tommaso Duracino, filza 1, series II, nr. 154",GA8INUVA,7,4,2,,,,,,,,,,,7
Francesco Ardimento,Popolare,Male,,Imperiale Grillo q. Ambrogio ,Marta,Female,Tartaran,21,150 lire,1455-09-20,"Tommaso Duracino, filza 2, series I, nr. 321",87NJWR7C,7,4,2,,,,,,,,,,,7
Francesco Ardimento,Popolare,Male,,,Francesco Ardimento,Female,Tartaran,34,150 lire,1463,"Tommaso Duracino, filza 7, series I, nr. 52",GV47D7AM,,,,,,,,,,,,,,7
"Francesco Borlasca, a notary",Professional,Male,,Nicola de Varixio ,Jacobina,Female,Circassian,23,240 lire,1463,"Tommaso Duracino, filza 7, series I, nr. 129",VJ7ES8AR,6,5,2,,,,,,,,,,,6
Francesco Cavalorto,Popolare,Male,,Antonio de Franchis q. Battista and Giorgio Usodimare q. Percivale,Sofia,Female,Tartaran,31,180 lire,1455-07-19,"Tommaso Duracino, filza 2, series I, nr. 253",QNSSXEHV,,,,,,,,,,,,,,6
Francesco de Fornari,Popolare,Male,,Pelegro Sucha,,Female,,,150 lire,1441,"Branca Bagnara, filza 6, series II, nr. 111",NWH2RJV4,5,6,2,,,,,,,,,,,6
Francesco de Fornari,Popolare,Male,,Baldassare Lomellini ,Caterina,Female,Abkhazan,26,200 lire,1467,"Tommaso Duracino, filza 10, nr. 253",F94RJ37P,,,,,,,,,,,,,,6
Gabriele Cattaneo,Noble,Male,Cattaneo,Cattaneo Grimaldi q. Giano,Caterina,Female,Russian,22,150 lire,1453-06-08,"Tommaso Duracino, filza 1, series I, nr. 65",5PXX7HHM,2,11,4,,,,,,,,,,,6
Gabriele da Rapallo q. Niccolò,Popolare,Male,,Damiano Giustiniani q. Tommaso,Caterina,Female,Tartaran,28,,1454-10-20,"Tommaso Duracino, filza 1, series II, nr. 204",22EEMA76,2.5,10,3.5,,,,,,,,,,,6
Gabriele Marchiono,Noble,Male,Cattaneo,Baldassare Lomellini ,Caterina,Female,Circassian,20,200 lire,1464,"Tommaso Duracino, filza 7, series II, nr. 133",S3ERJ7SI,7,4,2,,,,,,,,,,,6
Galeoto Salvago,Noble,Male,Salvago,Cattaneo Grimaldi q. Giano ,Anna,Female,,23,180 lire,1457-04-13,"Tommaso Duracino, filza 3, series I, nr. 119",86Z9R7MT,6,5,2,,,,,,,,,,,6
Galeotto Imperiale,Noble,Male,Imperiale,Leonardo de Nigro,Marta,Female,Tartaran,30,,1454-08-09,"Tommaso Duracino, filza 1, series II, nr. 152",VAM4MXZX,8,3,2,,,,,,,,,,,6
Galvano Adorno q. Giovanni,Mercanti,Male,,Giovanni de Nigro q. Damiano,Margherita,Female,,32,150 lire,1457-03-08,"Tommaso Duracino, filza 3, series I, nr. 84",FVPK2C6A,7,4,2,,,,,,,,,,,6
Gaspare Gentile,Noble,Male,Gentile,Pelegro Sucha,,Female,,,150 lire,1441,"Branca Bagnara, filza 6, series II, nr. 118",W3BWJTZP,8,3,2,,,,,,,,,,,6
Gaspare Gentile,Noble,Male,Gentile,Antoniotto Ittaliano,,,,,1200 lire,1427-08-08,"Branca Bagnara, filza 1, series I, item dated 1427-08-08",I6F8DMGQ,,,,,,,,,,,,,,6
Gentile Camilla,Noble,Male,Lercari,Giovanni de Marini ,Elena,Female,Circassian,25,275 lire,1482,"Tommaso Duracino, filza 24, series I, nr. 368",92WBQRXQ,8,3,2,,,,,,,,,,,6
Giacomo Cicala,Noble,Male,Cicala,Baldassare Lomellini ,Lucia,Female,Circassian,25,150 lire,1468,"Tommaso Duracino, filza 11, nr. 448",6WU4XKU2,7,4,2,,,,,,,,,,,6
Giacomo de Puteo,Popolare,Male,,Paolo Spinola,Anna,Female,Russian,22,150 lire,1459,"Tommaso Duracino, filza 4, nr. 85",8G5X6GSX,6,5,2,,,,,,,,,,,6
Giacomo Grimaldi,Noble,Male,Grimaldi,Agostino Zucco ,Lucia,Female,Tartaran,16,200 lire,1458,"Bartolomeo Risso, filza 5, series I, nr. 97",2NK9JNFV,,,,,,,,,,,,,,6
Giacomo Leone,Popolare,Male,,Agostino Gentile q. Simone and Pietro Spinola q. Giorgio ,Agnese,Female,Circassian,21,200 lire,1455-02-10,"Tommaso Duracino, filza 2, series I, nr. 60",AB48A79C,6,5,2,,,,,,,,,,,6
Giacomo Maricone,Noble,Male,Gentile,Ambrogio Lomellini ,Maddalena,Female,Bulgarian,22,80 lire,1485,"Tommaso Duracino, filza 25, series II, nr. 3",KF7XWDQT,5,6,2,,,,,,,,,,,6
Giacomo Maricone,Noble,Male,Gentile,Ambrogio Lomellini,Maddalena,Female,Bosnian/Serbian,18,,1469,"Giovanni Danove, filza 2, series, I, nr. 558",4WSAWQFG,,,,,,,,,,,,,,6
Giacomo Pinello,Noble,Male,Pinelli,Antoniotto Ittaliano,,,,,400 lire,1430-02-27,"Branca Bagnara, filza 1, series II, item dated 1430-02-27",NP7NNGQU,,,,,,,,,,,,,,6
Giacomo Spinola q. Domenico,Noble,Male,Spinola,Cattaneo Grimaldi q. Giano ,Lucia,Female,,26,170 lire,1457-01-08,"Tommaso Duracino, filza 3, series I, nr. 7",PT89VMC6,7,4,2,,,,,,,,,,,6
Giano Pinello,Noble,Male,Pinelli,Pelegro Sucha,,Female,,,150 lire,1441,"Branca Bagnara, filza 6, series II, nr. 253",AW6PAZCP,6,5,2,,,,,,,,,,,6
Giorgio Grillo,Noble,Male,Grillo,Cattaneo Grimaldi ,Lucia,Female,Tartaran,29,150 lire,1453-09-29,"Tommaso Duracino, filza 1, series I, nr. 130",7XK36AHU,7,4,2,,,,,,,,,,,6
Giovanni Asterio,Artisan,Male,,,Lucia,Female,,,,1426,"Branca Bagnara, register 3, 1426–1428, fols. 21r–22r",C7FU9BXG,,,,,,,,,,,,,,6
"Giovanni Bracelli, ""confecterius""",Professional,Male,,Giovanni de Nigro q. Damiano ,Marta,Female,,20,150 lire,1456-06-22,"Tommaso Duracino, filza 2, series II, nr. 167",I9IAE73J,7,4,2,,,,,,,,,,,6
"Giovanni de Clavaro, a notary",Professional,Male,,Paolo Spinola ,Maddalena,Female,Russian,19,180 lire,1460,"Tommaso Duracino, filza 5, nr. --- (formerly nr. 205)",5S7VHUZM,,,,,,,,,,,,,,5
"Giovanni de Gibeleone, from Spain",Foreign,Male,,Giovanni Grimaldi,,,,,300 lire,1456-06-24,"Tommaso Duracino, filza 2, series II, nr. 170",W73ZXT25,,,,,,,,,,,,,,5
Giovanni de Giusulfis,Popolare,Male,,Basilio Anexila ,Lucia,Female,,36,100 lire,1453-07-27,"Tommaso Duracino, filza 1, series I, nr. 101",GXZP4NI5,9,3,3,,,,,,,,,,,5
Giovanni de Guisulfis,Popolare,Male,,Pelegro Sucha,,Female,,,150 lire,1441,"Branca Bagnara, filza 6, series II, nr. 248",R94H4VD2,8,3,2,,,,,,,,,,,5
"Giovanni de Monelia, a physician (phisicus) ",Professional,Male,,Baldassare Lomellini ,Marta,Female,Russian,32,200 lire,1464,"Tommaso Duracino, filza 7, series II, nr. 359",SWS7AXCX,7,3.5,1.5,,,,,,,,,,,5
Giovanni di Marini,Noble,Male,de Marini,Giovanni di Marini,Elena,Female,Bosnian,30,200 lire,1481,"Tommaso Duracino, filza 23, series II, nr. 23",I48M7XVW,7,4,2,,,,,,,,,,,5
Giovanni Picio,Popolare,Male,,Pietro Gentile ,Maddalena,Female,Circassian,30,275 lire,1475,"Tommaso Duracino, filza 18, nr. 282 (formerly nr. 98)",CKG5SJQK,6,5,2,,,,,,,,,,,5
Giovanni Romeo,Noble,Male,Interiano,Pelegro Sucha,,Female,,,150 lire,1441,"Branca Bagnara, filza 6, series II, nr. 101",QT36SJNP,6,5,2,,,,,,,,,,,5
Giovanni Valegia ,Popolare,Male,,Basilio Anexila,Maria,Female,Russian,34,,1453-01-31,"Tommaso Duracino, filza 1, series I, nr. 16",KJBB9GTU,NA,5,#VALUE!,,,,,,,,,,,5
"Girolamo de Vineis, a baker",Artisan,Male,,"Vincenzo ""de Vineis"", a baker",Maddalena,Female,Bosnian,22,250 lire,1472,"Tommaso Duracino, filza 15, nr. 607",KCTNR3JH,7,4,2,,,,,,,,,,,5
Girolamo Saluci,Artisan,Male,,Nicola Lomellini ,Margherita,Female,Moorish,20,200 lire,1491,"Tommaso Duracino, filza 28, series II, nr. 233",RUUKN2DJ,,,,,,,,,,,,,,4
Giuliano Ittaliano,Noble,Male,Interiano,Gaspare Spinola ,Agnes,Female,Circassian,28,187 lire,1459,"Tommaso Duracino, filza 4, nr. 407",WAEK46BK,7,4,2,,,,,,,,,,,4
Giuliano Ricci,Artisan,Male,,Baldassare Lomellini ,Maria,Female,Russian,20,225 lire,1465,"Tommaso Duracino, filza 8, nr. (342)",5PWRWHWR,,,,,,,,,,,,,,4
Giuliano Ricio,Artisan,Male,,Baldassare Lomellini ,Maria,Female,Russian,20,225 lire,1465,"Tommaso Duracino, filza 8, nr. 342",DH49WNJN,,,,,,,,,,,,,,4
Giulio de Signorio,Popolare,Male,,Giovanni di Negro,Lucia,Female,,27,200 lire,1457-02-01,"Tommaso Duracino, filza 3, series I, nr. 39",4VIITRJ7,4,7,2,,,,,,,,,,,4
Giulio Grillo,Noble,Male,Grillo,Gaspare Lomellini ,Elena,Female,Hungarian,,170 lire,1453,"Antonio Fazio, filza 15, nr. 302",2WI3NAQR,,,,,,,,,,,,,,4
"Gottardo Stella, chancellor of Genoa, notary",Artisan,Male,,Quilico Cattaneo ,Margherita,Female,Circassian,30,150 lire,1460,"Tommaso Duracino, filza 5, nr. 477 (formerly nr. 265)",8XIGKDSW,6,5,2,,,,,,,,,,,4
Gregorio Doria,Noble,Male,Doria,Pelegro Sucha,,Female,,,150 lire,1440,"Branca Bagnara, filza 6, series I, nr. 257",JH9XAN9X,6,4,1,,,,,,,,,,,4
Gregorio Doria,Noble,Male,Doria,Cattaneo Grimaldi,Margherita,Female,,26,170 lire,1457-01-07,"Tommaso Duracino, filza 3, series I, nr. 6",TT6S8AVK,,,,,,,,,,,,,,4
Gregorio Ittaliano,Noble,Male,Interiano,Giovanni de Marinis,Maria,Female,Hungarian,32,200 lire,1473,"Tommaso Duracino, filza 16, nr. 789",EKQMIMEP,5,6,2,,,,,,,,,,,4
Gregorio Spinola,Noble,Male,Spinola,Baldassare Lomellini ,Lucia,Female,Russian,19,200 lire,1463,"Tommaso Duracino, filza 7, series I, nr. 71",4UB3SPSM,2.5,9,2.5,,,,,,,,,,,4
Heirs of Gregorio Bonino,Popolare,Male,,Baldassare Lomellini ,Margherita,Female,Abkazan,20,200 lire,1462,"Tommaso Duracino, filza 6, series II, nr. 180",SIJXHMPH,,,,,,,,,,,,,,4
Iacopo de Pinu,Popolare,Male,,Pelegro Sucha,,Female,,,150 lire,1440,"Branca Bagnara, filza 6, series I, nr. 277",UXK7NVKI,8,UNREADABLE,#VALUE!,,,,,,,,,,,4
Ilario Squarciafico,Noble,Male,Cicala,Giovanni de Marini ,Melica,Female,Bosnian/Serbian,31,200 lire,1470,"Tommaso Duracino, filza 13, series II, nr. 455",4MKW5WVK,8.5,2,1.5,,,,,,,,,,,4
Isanardo Mainerio,Popolare,Male,,Baldassare Lomellini ,Caterina,Female,Moorish,22,200 lire,1477,"Tommaso Duracino, filza 20, nr. 353",C5RD5QKR,,,,,,,,,,,,,,3
"Isolta Ittaliano, a sister from a religious order",Religious,Female,,Gaspare Spinola,Anastasia,Female,,25,150 lire,1457-02-21,"Tommaso Duracino, filza 3, series I, nr. 68",VJFJESPH,7,ALWAYS?,#VALUE!,,,,,,,,,,,3
Leonardo Barabino,Popolare,Male,,Pelegro Sucha,,Female,,,150 lire,1441,"Branca Bagnara, filza 6, series II, nr. 218",F28C7PBB,3,8,2,,,,,,,,,,,3
Leone Frascario,Noble,Male,Pallavicini,Cattaneo Grimaldi ,Margherita,Female,Russian,26,150 florins,1453-06-13,"Tommaso Duracino, filza 1, series I, nr. 85",6WA5REKX,,,,,,,,,,,,,,3
"Lodisio Buscheto ""de Nicia""",Foreign,Male,,Leonardo de Nigro ,Maddalena,Female,Russian,33,150 lire,1464,"Tommaso Duracino, filza 7, series II, nr. 60",GQ54TUKG,4,6.5,1.5,,,,,,,,,,,3
Lodisio Ravaro,Popolare,Male,,Giovanni de Nigro ,Melica,Female,,26,170 lire,1456-09-27,"Tommaso Duracino, filza 2, series II, nr. 237",VGCXXBC2,5,6,2,,,,,,,,,,,7
"Lodisio, Benedetto, and Antonio de Franchis",Noble,Male,de Franchi,Leonardo de Nigro ,Satismade,Female,Russian,29,200 lire,1468,"Tommaso Duracino, filza 11, nr. 100",DZUT6HEM,7,4,2,,,,,,,,,,,2.5
Luca Cattaneo,Noble,Male,Cattaneo,Baldassare Lomellini ,Benedetta,Female,Circassian,28,180 lire,1463,"Tommaso Duracino, filza 7, series I, nr. 241",IFCQVBT5,7,4,2,,,,,,,,,,,9
Luca de Nigro,Noble,Male,di Negro,Baldassare Lomellini ,Maddalena,Female,Russian,27,100 ducats,1464,"Tommaso Duracino, filza 7, series II, nr. 30",7ARB9H4K,6,5,2,,,,,,,,,,,9
Luca Grimaldi,Noble,Male,Grimaldi,Pelegro Sucha,,Female,,,150 lire,1441,"Branca Bagnara, filza 6, series II, nr. 273",6TTAEUHT,5,6,2,,,,,,,,,,,9
Luciano Ittaliano,Noble,Male,Interiano,Giuliano de Casamauri ,Caterina,Female,Circassian,18,235 lire,1468,"Tommaso Duracino, filza 11, nr. 485",ZAVQ4KIS,4,7,2,,,,,,,,,,,9
Manuele Adorno,Mercanti,Male,,Giorgio Spinola,Maddalena,Female,,28,150 lire,1458-11-23,"Tommaso Duracino, filza 3, series II, nr. 239",IBDSU2JS,8,3,2,,,,,,,,,,,9
Marco Lomellini,Noble,Male,Lomellini,Pelegro Sucha ,Lucia,Female,,22,160 lire,1441,"Branca Bagnara, filza 6, series II, nr. 171",G6ATXWPW,,,,,,,,,,,,,,9
Marco Maruffo,Popolare,Male,,Battista Spinola ,Margherita,Female,Circassian,27,180 lire,1465,"Tommaso Duracino, filza 8, nr. 341",UID9UR2Q,7,4,2,,,,,,,,,,,9
Marghertia Lomellini,Noble,Female,Lomellini,Marcello Galliano,Maddalena,Female,Moorish,15,,1492,"Lorenzo Costa, filza 15, nr. 309",A73VKZM7,,,,,,,,,,,,,,8
Maria Balbo,Artisan,Female,,Antoniotto Ittaliano ,,Female,,,120 lire,1429-04-12,"Branca Bagnara, filza 1, series II, item dated 1429-04-12",29NHCWMP,,,,,,,,,,,,,,5
"Maria de Guarco q. Luchino, wife of q. Gregorio da Ponte",Popolare,Female,,Imperiale Grillo q. Ambrogio ,Maddalena,Female,,38,150 lire,1456-01-07,"Tommaso Duracino, filza 2, series II, nr. 7",6KDIQEV5,8,3,2,,,,,,,,,,,2.5
Maria Fieschi,Noble,Female,Fieschi,Pelegro Sucha,,Female,,,187 lire,1440,"Branca Bagnara, filza 6, series I, nr. 220",H6VRNGAB,4,7,2,,,,,,,,,,,2
"Maria, wife of Demetrio Vivaldi",Noble,Female,Vivaldi,Andrea Castagna ,Maddalena,Female,,35,150 lire,1457-09-12,"Tommaso Duracino, filza 3, series I, nr. 254",MX79KRJT,8,3,2,,,,,,,,,,,8
Marina de Marini,Noble,Female,de Marini,Baldassare Lomellini ,Margherita,Female,Abkhazan,29,200 lire,1462,"Tommaso Duracino, filza 6, series II, nr. 84",PTUD2HHJ,,,,,,,,,,,,,,7
"Martín Pérez de Samudio, from Bilbao",Foreign,Male,,,,,,,,1460-07-07,"Tommaso Duracino, filza 5, nr. 341 (formerly nr. 121)",SPEWXJPI,,,,,,,,,,,,,,8
Martino de Petra,Foreign,Male,,Battista Spinola ,Maria,Female,Hungarian,20,200 lire,1468,"Tommaso Duracino, filza 11, nr. 73",6XC32VIK,9,2,2,,,,,,,,,,,8
Matteo Fieschi,Noble,Male,Fieschi,Baldassare Lomellini ,Caterina,Female,Circassian,,170 lire,1459,"Tommaso Duracino, filza 4, nr. 119",2INKWFVI,8,3,2,,,,,,,,,,,
Matteo Giustiniani,Popolare,Male,,Baldassare Lomellini ,Lucia,Female,Circassian,22,200 lire,1464,"Tommaso Duracino, filza 7, series II, nr. 53",BWRP3HSQ,5,6,2,,,,,,,,,,,
Matteo Lomellini,Noble,Male,Lomellini,Pelegro Sucha ,Margherita,Female,,22,160 lire,1440,"Branca Bagnara, filza 6, series I, nr. 53",M7QK28K5,8,3,2,,,,,,,,,,,
Melchione de Insula,Artisan,Male,,Daminao Giustiniani ,Maria,Female,,26,190 lire,1458-04-12,"Tommaso Duracino, filza 3, series II, nr. 146",M6GN7GXQ,3,8,2,,,,,,,,,,,
Melchione de Insula q. Bartolomeo,Artisan,Male,,Cattaneo Grimaldi q. Giano ,Maria,Female,,20,200 lire,1457-04-08,"Tommaso Duracino, filza 3, series I, nr. 115",EDPNC7VF,4,7,2,,,,,,,,,,,
"Melchione de Varexio, speciarii",Artisan,Male,,Quilico Cattaneo,Maddelana,Female,Circassian,29,125 lire,1460,"Tommaso Duracino, filza 5, nr. 235 (formerly nr. 470)",4W49N347L22,8,3,2,,,,,,,,,,,
Meliaduce Usodimare,Noble,Male,Usodimare,Antoniotto Ittaliano,,,,,200 lire,1427-07-03,"Branca Bagnara, filza 1, series I, item dated 1427-07-03",7F934SKI,,,,,,,,,,,,,,
Nicola de Columnis,Popolare,Male,,Basilio Petrin ,Giannino,Female,Circassian,30,150 lire,1450,"Bartolomeo Risso, filza 6, nr. 68",ZHKVCGHN,,,,,,,,,,,,,,
Nicolosia de Benigassio,Popolare,Female,,Giovanni de Marini ,Maddalena,Female,Russian,35,200 lire,1470,"Tommaso Duracino, filza 13, series II, nr. 215",G2GMWFC3,4,7,2,,,,,,,,,,,
Oberto Giustiniani,Popolare,Male,,Pelegro Sucha,,Female,,,150 lire,1441,"Branca Bagnara, filza 6, series II, nr. 252",6XRIF3VB,7,4,2,,,,,,,,,,,
Oberto Giustiniani,Popolare,Male,,Pelegro Sucha,,Female,,,150 lire,1441,"Branca Bagnara, filza 6, series II, nr. 33",49723PXQ,7,4,2,,,,,,,,,,,
Oberto Lomellini,Noble,Male,Lomellini,Antoniotto Ittaliano,,,,,650 lire,1429-02-14,"Branca Bagnara, filza 1, series II, item dated 1429-02-14",Z5P83RGU,,,,,,,,,,,,,,
"Opizio de Servaricia, ""unctor""",Artisan,Male,,Cattaneo Grimaldi ,Margherita,Female,Circassian,30,150 lire,1461,"Tommaso Duracino, filza 6, series I, nr. 325",74N79HDP,7,4,2,,,,,,,,,,,
Pancrazio Falamonica,Noble,Male,Gentile,Baldassare Lomellini ,Maddalena,Female,Hungarian,25,250 lire,1464,"Tommaso Duracino, filza 7, series II, nr. 364",797GFQC3,7,3.5,1.5,,,,,,,,,,,
Pancrazio Falamonica,Noble,Male,Gentile,Marco de Cassina ,Lucia,Female,Tartaran,34,60 ducats,1458,"Bartolomeo Risso, filza 5, series II, nr. 97",3Z9BKRNR,,,,,,,,,,,,,,
Pancrazio Gentile,Noble,Male,Gentile,Baldassare Lomellini ,Maddalena,Female,Russian,28,200 lire,1466,"Tommaso Duracino, filza 9, nr. 118",SHUW9BE2,7,4,2,,,,,,,,,,,
"Paolo de Andoria, a shoemaker",Artisan,Male,,Leonardo de Nigro ,Maria,Female,Bulgarian,25,100 lire,1465,"Tommaso Duracino, filza 8, nr. 6",G9A8XK9W,8,3,2,,,,,,,,,,,
Paolo de Franchis,Noble,Male,de Franchi,Battista Grimaldi ,Caterina,Female,Circassian,28,200 lire,1465,"Tommaso Duracino, filza 8, nr. 606",P8QMFCHX,8,3,2,,,,,,,,,,,
Paolo de Mulassana,Artisan,Male,,Baldassare Lomellini ,Caterina,Female,Moorish,20,160 lire,1481,"Tommaso Duracino, filza 24, series I, nr. 90",CTA9HDXA,,,,,,,,,,,,,,
Paolo di Lazzaro Spinola,Noble,Male,Spinola,Antoniotto Ittaliano,,,,,100 lire,1427-03-19,"Branca Bagnara, filza 1, series I, item dated 1427-03-19",XNUJUI2F,,,,,,,,,,,,,,
Paolo Giudice,Popolare,Male,,Giovanni de Marini ,Melica,Female,Bosnian,32,200 lire,1474,"Tommaso Duracino, filza 17, nr. 284",77BZWVJK,6,5,2,,,,,,,,,,,
Pellegrina Guizo,Popolare,Female,,Demetrio Fieschi ,Nestasia,Female,Russian,27,150 lire,1459,"Tommaso Duracino, filza 4, nr. 489",AZG9EJFW,8,3,2,,,,,,,,,,,
Pellegro de Poliasca,Foreign,Male,,Battista Spinola ,Margherita,Female,Turkish,18,100 ducats,1484,"Tommaso Duracino, filza 25, series I, nr. 327",PVXSQ9U8,9,3,3,,,,,,,,,,,
Percivale Cattaneo,Noble,Male,Cattaneo,Pelegro Sucha,,Female,,,150 lire,1440,"Branca Bagnara, filza 6, series I, nr. 126",FA773IKI,7,3,1,,,,,,,,,,,
Piereta Arbuvin,Foreign,Male,,Baldassare Lomellini ,Margherita,Female,Abkhazan,24,200 lire,1466,"Tommaso Duracino, filza 9, nr. 79",QE3PTCAI,8,3,2,,,,,,,,,,,
Pietro de Nigro,Noble,Male,di Negro,Baldassare Lomellini ,Marta,Female,Circassian,30,200 lire,1463,"Tommaso Duracino, filza 7, series I, nr. 62",2TVJ59ER,9,3,3,,,,,,,,,,,
Pietro de Oliva,Noble,Male,Grimaldi,Baldassare Lomellini ,Margherita,Female,Russian,37,200 lire,1473,"Tommaso Duracino, filza 16, nr. 433",NDQGZ4W5,7,4,2,,,,,,,,,,,
Pietro Lecavello,Noble,Male,Lercari,Antoniotto Ittaliano ,,Female,,,100 lire,1429-08-16,"Branca Bagnara, filza 1, series II, item dated 1429-08-16",S67HT65S,,,,,,,,,,,,,,
Pietro Lomellini,Noble,Male,Lomellini,Antonio Ittaliano,Maria,Female,,,100 florins,1429,"Branca Bagnara, filza 19, nr. 1195",K23UCIBC,,,,,,,,,,,,,,
"Pietro Tiralacorda, from Bonifacio",Foreign,Male,,Leonardo de Nigro ,Onesta,Female,Russian,22,200 lire,1466,"Tommaso Duracino, filza 9, nr. 567",DID5CBCZ,6,5,2,,,,,,,,,,,
Quilico Cattaneo,Noble,Male,Cattaneo,Ambrogio Cattaneo and Nicola Spinola ,Maddalena,Female,Tartaran,24,225 lire,1461,"Tommaso Duracino, filza 6, series I, nr. 361",5F4R8BVF,9,3,3,,,,,,,,,,,
Raffaele Cattaneo,Noble,Male,Cattaneo,Giovanni de Marini ,Maddalena,Female,Circassian,29,200 lire,1469,"Tommaso Duracino, filza 12, nr. 255",NI75B5XB,7,4,2,,,,,,,,,,,
Raffaele de Villanova,Foreign,Male,,Giano Lercaro ,Lucia,Female,Tartaran,28,150 lire,1457-09-22,"Tommaso Duracino, filza 3, series I, nr. 266",5E2WHPUQ,9,2,2,,,,,,,,,,,
Raffaele dei Cattanei,Noble,Male,Cattaneo,Cattaneo dei Cattanei,Maddalena,Female,Circassian,32,200 lire,1473,"Tommaso Duracino, filza 16, nr. 406",ZK89VBPZ,6,5,2,,,,,,,,,,,
Raffaele Fornari,Mercanti,Male,Fornari,Antoniotto Ittaliano ,,,,,250 lire,1428-09-22,"Branca Bagnara, filza 1, series I, item dated 1428-09-22",T58ASWKR,,,,,,,,,,,,,,
Raffale de Monterubeo,Foreign,Male,,Gaspare Spinola,Caterina,Female,Tartaran,45,60 lire,1460-01-19,"Tommaso Duracino, filza 5, item dated 1460-01-19",H4DHI7UQ,,,,,,,,,,,,,,
Salvagia de Vultabio,Popolare,Female,,Antonio Maciola and Battista Spinola ,Iarchasia,Female,Circassian,25,200 florins,1461,"Tommaso Duracino, filza 6, series I, nr. 293",3RG2RG92,NA,3,#VALUE!,,,,,,,,,,,
Simone da Ponte,Artisan,Male,,Giovanni de Marini ,Anna,Female,Circassian,30,200 lire,1470,"Tommaso Duracino, filza 13, series II, nr. 407",6MHEQI24,6,5,2,,,,,,,,,,,
Simone da Ponte,Artisan,Male,,Baldassare Lomellini ,Anna,Female,Circassian,35,200 lire,1472,"Tommaso Duracino, filza 15, nr. 346",2SV7JF49,9,3,3,,,,,,,,,,,
Simone de Nigrono,Noble,Male,Nigrone,Baldassare Lomellini ,Margherita,Female,Circassian,24,200 lire,1462,"Tommaso Duracino, filza 6, series II, nr. 212",TKSNI9QQ,8,3,2,,,,,,,,,,,
Stefano Rebuffo,Artisan,Male,,Pelegro Sucha,,Female,,,150 lire,1441,"Branca Bagnara, filza 6, series II, nr. 168",6HHMN8RZ,5,6,2,,,,,,,,,,,
Stefano Rodono,Popolare,Male,,Gaspare Spinola,Lucia,Female,Russian,24,125 lire,1459,"Tommaso Duracino, filza 4, nr. 30",WK4DIJ3D,9,2,2,,,,,,,,,,,
Stefano Sopranis q. Giovanni,Popolare,Male,,Giovanni de Nigro q. Damiano ,Marta,Female,Tartaran,20,,1456-05-24,"Tommaso Duracino, filza 2, series II, nr. 146",QSUBH833,6,5,2,,,,,,,,,,,
Taddeo de Poliasca,Foreign,Male,,Baldassare Lomellini ,Maddalena,Female,Circassian,30,200 lire,1481,"Tommaso Duracino, filza 23, series II, nr. 18",ADU9ZIV6,7,4,2,,,,,,,,,,,
Teodoro Spinola,Noble,Male,Spinola,Baldassare Lomellini ,Margherita,Female,Circassian,28,170 lire,1460,"Tommaso Duracino, filza 5, nr. 179 (formerly nr. 402)",Z3NV7WXP,5,6,2,,,,,,,,,,,
Teodoro Spinola,Noble,Male,Spinola,Giovanni de Nigro ,Margherita,Female,,26,160 lire,1457-09-16,"Tommaso Duracino, filza 3, series I, nr. 262",8EZT8BCC,8,3,2,,,,,,,,,,,
Teramo Arbicone,Popolare,Male,,Giovanni de Marini ,Margherita,Female,Russian,32,150 lire,1477,"Tommaso Duracino, filza 20, nr. 407",9M4X2WNX,6,5,2,,,,,,,,,,,
Teramo Cattaneo q. Gabriele,Noble,Male,Cattaneo,Giovanni de Nigro q. Damiano,Caterina,Female,Circassian,27,170 lire,1456-02-17,"Tommaso Duracino, filza 2, series II, nr. 44",GST8DBNA,,,,,,,,,,,,,,
"Teramo de Recho, ""bambaxarius"" (a maker of cotton garments)",Artisan,Male,,Baldassare Lomellini ,Margherita,Female,Russian,20,225 lire,1464,"Tommaso Duracino, filza 7, series II, nr. 98",MIF535X7,4,7,2,,,,,,,,,,,
The prior of the monastery of S. Maria di Pietraminuta,Religious,Female,,Goffredo Lercaro ,Maria,Female,Circassian,25,150 lire,1458,"Bartolomeo Risso, filza 5, series III, nr. 97",8CXRGGTZ,,,,,,,,,,,,,,
Tobia Pinello,Noble,Male,Pinelli,Giovanni de Marini ,Caterina,Female,Circassian,28,200 lire,1471,"Tommaso Duracino, filza 14, series II, nr. 222",BENNV7AZ,6,5,2,,,,,,,,,,,
Tobia Spinola,Noble,Male,Spinola,Giovanni de Marini ,Melica,Female,Bulgarian,27,200 lire,1481,"Tommaso Duracino, filza 23, series II, nr. 122",C4NE3I7X,,,,,,,,,,,,,,
"Tommaso de Leonardo, a notary",Professional,Male,,Francesco de Bartolomeo ,Caterina,Female,Russian,31,130 ducats,1466,"Tommaso Duracino, filza 9, nr. 509",ZRIXMF6U,8,3,2,,,,,,,,,,,
Tommaso de Zoalio,Mercanti,Male,Zoalio,Pelegro Sucha,,Female,,,150 lire,1440,"Branca Bagnara, filza 6, series I, nr. 118",2CM9UMA9,3.5,7,1.5,,,,,,,,,,,
"Tommaso Leonardo, a notary",Professional,Male,,Battista Spinola ,Caterina,Female,Russian,36,200 lire,1471,"Tommaso Duracino, filza 14, series II, nr. 257 (formerly nr. 331)",AVWDW5KH,9,2,2,,,,,,,,,,,
Tommaso Narexio,Popolare,Male,,Ambrogio Lomellini ,Lucia,Female,Albanian,24,50 lire,1484,"Tommaso Duracino, filza 25, series I, nr. 399",3PABM7VG,4,7,2,,,,,,,,,,,
Vincenzo Guirardis,Popolare,Male,,Giovanni de Nigro q. Damiano ,Margherita,Female,,30,150 lire,1456-06-09,"Tommaso Duracino, filza 2, series II, nr. 157",EUNATQJ9,8,3,2,,,,,,,,,,,
,,,,,,,,,,,"Andrea de Cairo, filza 2, nr. 202",,5,7,3,,,,,,,,,,,
,,,,,,,,,,,"Simone Canella, filza 2, series I, nr. 38",,8,3,2,,,,,,,,,,,
,Popolare,,,Antoniotto Ittaliano ,,Female,,,,1430-02-21,"Branca Bagnara, filza 1, series II, item dated 1430-02-21",GCXR8STJ,,,,,,,,,,,,,,
,,,,,Caterina,Female,,,,1459-07-10,"Tommaso Duracino, filza 4, item dated 1459-07-10",QV8FDNX2,,,,,,,,,,,,,,
,,,,,,,,,,,"Oberto Foglietta, filza 25, nr. 472",,,,,,,,,,,,,,,
